,ID,Prediction
0,27358,0
1,27364,1
2,27368,1
3,27378,1
4,27381,1
5,27386,1
6,27388,1
7,27393,0
8,27406,0
9,27417,1
10,27418,0
11,27419,0
12,27421,1
13,27425,1
14,27431,0
15,27439,0
16,27442,0
17,27452,1
18,27459,1
19,27461,1
20,27465,0
21,27466,0
22,27467,1
23,27473,1
24,27476,0
25,27477,0
26,27485,1
27,27487,1
28,27488,1
29,27497,0
30,27505,1
31,27508,1
32,27509,1
33,27511,1
34,27515,1
35,27519,1
36,27528,1
37,27533,1
38,27537,1
39,27543,1
40,27548,1
41,27552,0
42,27553,0
43,27559,1
44,27561,1
45,27565,0
46,27567,0
47,27577,0
48,27579,1
49,27586,1
50,27587,0
51,27591,0
52,27594,0
53,27619,1
54,27622,1
55,27628,1
56,27629,1
57,27637,1
58,27642,0
59,27645,0
60,27654,1
61,27666,1
62,27668,0
63,27669,1
64,27672,0
65,27682,1
66,27683,1
67,27688,0
68,27693,1
69,27694,0
70,27695,1
71,27700,0
72,27702,0
73,27706,1
74,27710,0
75,27725,1
76,27728,1
77,27729,1
78,27730,1
79,27731,1
80,27733,1
81,27734,1
82,27739,0
83,27746,1
84,27751,0
85,27760,0
86,27761,0
87,27766,1
88,27771,1
89,27772,1
90,27781,0
91,27794,0
92,27797,0
93,27798,1
94,27803,1
95,27814,1
96,27821,1
97,27835,0
98,27838,1
99,27850,1
100,27854,1
101,27862,0
102,27865,1
103,27866,0
104,27868,1
105,27877,1
106,27885,1
107,27888,1
108,27890,1
109,27893,1
110,27894,0
111,27903,1
112,27910,0
113,27914,0
114,27926,1
115,27930,1
116,27932,0
117,27936,1
118,27944,1
119,27948,1
120,27956,1
121,27963,1
122,27966,1
123,27971,1
124,27977,1
125,27983,0
126,27986,0
127,27994,0
128,27996,1
129,28001,1
130,28009,1
131,28014,1
132,28018,0
133,28028,1
134,28033,0
135,28040,0
136,28041,0
137,28044,0
138,28045,0
139,28057,1
140,28063,0
141,28066,1
142,28071,1
143,28076,1
144,28080,0
145,28096,1
146,28101,1
147,28115,1
148,28122,1
149,28125,1
150,28130,1
151,28131,1
152,28144,0
153,28150,0
154,28153,0
155,28154,1
156,28158,1
157,28168,0
158,28172,1
159,28178,1
160,28197,0
161,28203,1
162,28209,0
163,28221,1
164,28226,1
165,28227,0
166,28228,1
167,28232,0
168,28236,0
169,28241,1
170,28249,0
171,28253,1
172,28254,1
173,28255,0
174,28266,1
175,28267,1
176,28268,1
177,28280,0
178,28288,1
179,28296,0
180,28298,1
181,28304,1
182,28313,1
183,28331,1
184,28333,1
185,28335,1
186,28336,1
187,28339,1
188,28342,0
189,28351,0
190,28360,0
191,28364,0
192,28372,1
193,28373,1
194,28374,1
195,28388,0
196,28399,1
197,28408,1
198,28409,1
199,28412,0
200,28413,1
201,28421,0
202,28424,1
203,28427,1
204,28429,0
205,28441,1
206,28443,0
207,28447,1
208,28448,1
209,28449,0
210,28451,0
211,28454,1
212,28456,0
213,28457,0
214,28468,1
215,28474,1
216,28476,0
217,28478,0
218,28479,0
219,28482,0
220,28488,0
221,28489,1
222,28490,1
223,28495,1
224,28497,1
225,28502,1
226,28512,0
227,28517,0
228,28519,0
229,28527,1
230,28528,1
231,28532,0
232,28539,1
233,28540,1
234,28546,0
235,28561,1
236,28570,0
237,28576,1
238,28584,0
239,28591,0
240,28597,0
241,28600,1
242,28614,1
243,28616,1
244,28621,0
245,28628,0
246,28631,1
247,28636,0
248,28644,0
249,28649,0
250,28652,1
251,28653,1
252,28654,1
253,28659,1
254,28663,0
255,28664,1
256,28669,1
257,28670,0
258,28671,0
259,28672,0
260,28677,1
261,28679,0
262,28682,1
263,28684,0
264,28687,0
265,28689,1
266,28690,0
267,28692,1
268,28695,1
269,28701,0
270,28703,1
271,28712,1
272,28713,1
273,28714,1
274,28717,0
275,28723,0
276,28727,0
277,28733,1
278,28737,0
279,28741,0
280,28745,1
281,28746,1
282,28750,1
283,28753,0
284,28766,0
285,28779,1
286,28787,1
287,28791,0
288,28796,0
289,28800,1
290,28801,0
291,28803,0
292,28812,1
293,28817,0
294,28823,1
295,28825,1
296,28827,0
297,28841,1
298,28856,0
299,28862,0
300,28863,1
301,28868,0
302,28873,1
303,28879,1
304,28881,1
305,28884,1
306,28886,1
307,28888,0
308,28893,0
309,28895,0
310,28897,0
311,28901,1
312,28906,0
313,28916,0
314,28918,1
315,28921,1
316,28922,1
317,28926,1
318,28929,0
319,28936,0
320,28938,1
321,28941,1
322,28949,1
323,28956,1
324,28958,0
325,28963,1
326,28966,1
327,28976,1
328,28979,1
329,28992,1
330,28993,1
331,28996,1
332,29002,1
333,29013,1
334,29020,0
335,29023,0
336,29027,0
337,29029,0
338,29047,0
339,29050,1
340,29055,0
341,29056,0
342,29058,0
343,29061,0
344,29063,0
345,29065,1
346,29073,1
347,29077,0
348,29090,0
349,29102,0
350,29107,1
351,29112,1
352,29124,0
353,29131,1
354,29133,0
355,29142,0
356,29143,0
357,29148,1
358,29162,0
359,29174,0
360,29182,1
361,29185,0
362,29186,1
363,29192,1
364,29196,1
365,29200,1
366,29203,0
367,29210,0
368,29214,1
369,29219,1
370,29229,1
371,29230,0
372,29233,1
373,29247,0
374,29248,0
375,29252,1
376,29261,0
377,29263,0
378,29269,0
379,29270,0
380,29273,0
381,29278,0
382,29280,0
383,29285,1
384,29290,1
385,29291,1
386,29297,1
387,29307,1
388,29313,0
389,29319,0
390,29322,0
391,29330,0
392,29335,1
393,29341,1
394,29342,1
395,29351,1
396,29352,0
397,29357,1
398,29363,1
399,29367,0
400,29368,0
401,29370,1
402,29372,1
403,29380,0
404,29384,1
405,29393,0
406,29400,0
407,29403,1
408,29413,0
409,29420,1
410,29432,1
411,29439,0
412,29441,0
413,29444,1
414,29445,0
415,29446,1
416,29447,0
417,29452,0
418,29453,0
419,29456,0
420,29457,1
421,29466,1
422,29472,1
423,29477,1
424,29491,1
425,29493,1
426,29509,0
427,29511,0
428,29513,1
429,29514,0
430,29518,1
431,29519,1
432,29521,0
433,29524,1
434,29531,0
435,29544,1
436,29547,0
437,29552,0
438,29559,0
439,29565,0
440,29568,1
441,29569,0
442,29570,0
443,29573,1
444,29575,0
445,29579,0
446,29580,1
447,29590,0
448,29591,1
449,29597,0
450,29601,0
451,29603,1
452,29606,0
453,29607,1
454,29608,0
455,29610,0
456,29613,0
457,29617,0
458,29620,1
459,29625,0
460,29631,0
461,29632,0
462,29633,0
463,29642,1
464,29652,0
465,29665,0
466,29668,1
467,29674,1
468,29685,0
469,29686,1
470,29687,1
471,29697,1
472,29699,0
473,29702,0
474,29706,1
475,29707,0
476,29710,1
477,29714,1
478,29722,1
479,29729,0
480,29730,0
481,29737,0
482,29738,0
483,29745,0
484,29759,1
485,29771,1
486,29772,0
487,29779,0
488,29780,1
489,29785,1
490,29789,1
491,29795,1
492,29804,1
493,29809,0
494,29813,1
495,29816,1
496,29818,0
497,29820,0
498,29821,0
499,29832,1
500,29833,0
501,29841,0
502,29842,1
503,29868,1
504,29871,1
505,29876,1
506,29878,1
507,29887,0
508,29889,0
509,29896,0
510,29898,0
511,29900,1
512,29901,0
513,29904,1
514,29905,1
515,29910,1
516,29915,0
517,29930,0
518,29943,1
519,29949,0
520,29953,1
521,29954,1
522,29958,0
523,29960,1
524,29962,1
525,29971,0
526,29972,0
527,29973,0
528,29974,0
529,29975,0
530,29977,0
531,29980,0
532,29983,1
533,29990,0
534,29991,1
535,30000,0
536,30003,0
537,30006,1
538,30009,1
539,30017,1
540,30029,0
541,30030,0
542,30031,0
543,30037,0
544,30039,1
545,30044,1
546,30057,0
547,30072,1
548,30089,0
549,30097,0
550,30098,0
551,30101,1
552,30108,1
553,30110,0
554,30112,1
555,30113,1
556,30114,1
557,30117,1
558,30120,0
559,30124,0
560,30125,0
561,30129,0
562,30131,1
563,30136,1
564,30140,1
565,30153,0
566,30157,1
567,30165,0
568,30174,0
569,30176,1
570,30185,1
571,30201,1
572,30206,0
573,30215,1
574,30216,0
575,30218,0
576,30222,0
577,30229,0
578,30237,0
579,30239,0
580,30241,1
581,30247,0
582,30250,1
583,30251,1
584,30253,0
585,30254,0
586,30258,1
587,30271,0
588,30272,0
589,30275,1
590,30294,1
591,30299,1
592,30302,1
593,30314,1
594,30318,1
595,30335,0
596,30347,0
597,30349,1
598,30350,0
599,30352,1
600,30353,1
601,30354,0
602,30365,1
603,30369,0
604,30370,1
605,30374,1
606,30382,1
607,30388,1
608,30391,1
609,30394,1
610,30422,1
611,30423,0
612,30426,0
613,30430,1
614,30434,0
615,30440,0
616,30442,0
617,30445,1
618,30447,1
619,30448,1
620,30457,1
621,30460,0
622,30465,0
623,30474,1
624,30476,1
625,30492,0
626,30496,1
627,30498,1
628,30499,1
629,30507,1
630,30510,0
631,30512,0
632,30515,0
633,30523,0
634,30530,1
635,30537,0
636,30538,0
637,30539,0
638,30548,0
639,30554,1
640,30562,0
641,30564,0
642,30569,1
643,30577,1
644,30578,0
645,30583,0
646,30584,0
647,30590,1
648,30600,1
649,30604,0
650,30618,0
651,30627,0
652,30628,0
653,30632,1
654,30633,1
655,30634,0
656,30635,0
657,30639,1
658,30643,0
659,30645,1
660,30652,0
661,30657,1
662,30670,0
663,30673,1
664,30674,1
665,30676,0
666,30677,1
667,30678,1
668,30680,1
669,30683,1
670,30686,1
671,30689,1
672,30697,1
673,30704,1
674,30715,0
675,30726,1
676,30729,1
677,30733,1
678,30735,0
679,30736,0
680,30738,0
681,30743,0
682,30749,1
683,30750,0
684,30758,1
685,30763,0
686,30773,1
687,30774,0
688,30776,0
689,30784,0
690,30785,1
691,30798,0
692,30805,0
693,30810,0
694,30812,0
695,30820,1
696,30822,0
697,30825,1
698,30830,1
699,30838,1
700,30842,1
701,30849,0
702,30850,0
703,30851,0
704,30856,0
705,30860,0
706,30862,1
707,30867,0
708,30869,0
709,30872,0
710,30879,1
711,30882,1
712,30888,1
713,30905,1
714,30926,1
715,30927,0
716,30936,1
717,30937,1
718,30939,0
719,30953,1
720,30954,1
721,30956,1
722,30960,0
723,30967,1
724,30968,1
725,30991,0
726,30995,0
727,30998,1
728,31001,1
729,31002,1
730,31010,0
731,31014,1
732,31027,1
733,31031,0
734,31035,1
735,31039,1
736,31043,1
737,31044,1
738,31049,0
739,31055,1
740,31060,0
741,31061,0
742,31062,0
743,31064,1
744,31076,1
745,31079,1
746,31080,1
747,31090,1
748,31094,0
749,31102,0
750,31108,1
751,31109,0
752,31113,1
753,31122,0
754,31127,0
755,31128,0
756,31134,0
757,31137,1
758,31138,0
759,31139,0
760,31142,1
761,31151,0
762,31155,0
763,31156,1
764,31163,1
765,31164,0
766,31173,1
767,31175,0
768,31182,0
769,31184,0
770,31188,0
771,31190,0
772,31191,1
773,31192,0
774,31194,1
775,31203,0
776,31211,1
777,31212,1
778,31214,1
779,31223,1
780,31225,1
781,31226,1
782,31227,0
783,31241,1
784,31250,1
785,31252,0
786,31254,0
787,31261,1
788,31263,0
789,31266,0
790,31267,1
791,31269,1
792,31271,0
793,31282,0
794,31291,0
795,31292,0
796,31298,0
797,31302,1
798,31307,1
799,31308,1
800,31309,0
801,31310,1
802,31311,0
803,31316,1
804,31321,1
805,31322,0
806,31329,0
807,31332,1
808,31333,1
809,31335,1
810,31336,1
811,31341,0
812,31342,1
813,31345,0
814,31350,0
815,31351,0
816,31354,1
817,31363,0
818,31364,0
819,31366,1
820,31372,1
821,31377,1
822,31382,1
823,31395,0
824,31396,0
825,31399,1
826,31401,1
827,31418,1
828,31421,1
829,31434,0
830,31435,0
831,31436,1
832,31446,1
833,31450,0
834,31455,1
835,31462,0
836,31463,0
837,31464,1
838,31475,1
839,31488,0
840,31489,0
841,31490,0
842,31493,0
843,31505,1
844,31510,1
845,31511,1
846,31522,0
847,31524,1
848,31534,0
849,31538,0
850,31539,0
851,31545,1
852,31548,1
853,31554,1
854,31555,1
855,31556,1
856,31558,1
857,31560,1
858,31562,0
859,31571,0
860,31583,0
861,31587,1
862,31592,1
863,31595,1
864,31602,1
865,31605,0
866,31607,0
867,31610,0
868,31613,0
869,31627,1
870,31628,0
871,31629,1
872,31634,1
873,31636,1
874,31639,1
875,31640,0
876,31654,1
877,31660,1
878,31669,1
879,31672,1
880,31684,1
881,31692,1
882,31693,1
883,31698,0
884,31701,1
885,31706,0
886,31712,1
887,31716,0
888,31718,0
889,31719,0
890,31720,0
891,31730,0
892,31739,0
893,31746,1
894,31750,0
895,31752,0
896,31756,1
897,31761,0
898,31762,0
899,31765,0
900,31771,1
901,31772,0
902,31773,1
903,31778,1
904,31783,0
905,31796,1
906,31798,1
907,31802,0
908,31804,0
909,31805,1
910,31808,0
911,31811,1
912,31813,1
913,31814,0
914,31820,1
915,31824,1
916,31828,1
917,31832,1
918,31840,1
919,31845,1
920,31856,1
921,31871,0
922,31879,0
923,31881,0
924,31886,0
925,31897,1
926,31910,1
927,31911,1
928,31914,0
929,31918,0
930,31923,0
931,31943,0
932,31954,1
933,31958,0
934,31959,1
935,31961,0
936,31970,0
937,31971,0
938,31974,0
939,31975,1
940,31978,1
941,31981,1
942,31982,1
943,31988,0
944,32000,1
945,32001,0
946,32003,0
947,32006,0
948,32019,1
949,32020,1
950,32024,0
951,32025,0
952,32029,0
953,32034,1
954,32036,1
955,32048,0
956,32067,0
957,32078,1
958,32086,0
959,32092,0
960,32095,1
961,32100,1
962,32115,1
963,32120,0
964,32131,1
965,32132,0
966,32133,0
967,32135,0
968,32136,1
969,32142,1
970,32145,0
971,32146,1
972,32166,0
973,32174,0
974,32181,1
975,32186,1
976,32188,0
977,32190,1
978,32196,1
979,32207,1
980,32216,0
981,32217,1
982,32219,0
983,32237,1
984,32252,0
985,32253,0
986,32272,1
987,32273,0
988,32277,0
989,32283,1
990,32284,0
991,32287,0
992,32289,0
993,32291,0
994,32296,0
995,32311,0
996,32317,1
997,32333,1
998,32350,1
999,32354,0
1000,32355,0
1001,32368,0
1002,32372,1
1003,32373,0
1004,32374,1
1005,32375,1
1006,32384,1
1007,32385,1
1008,32391,0
1009,32405,1
1010,32408,1
1011,32409,0
1012,32415,0
1013,32419,0
1014,32423,0
1015,32426,0
1016,32431,1
1017,32440,1
1018,32441,1
1019,32446,1
1020,32447,0
1021,32451,1
1022,32457,1
1023,32460,1
1024,32461,0
1025,32465,0
1026,32468,0
1027,32474,0
1028,32476,0
1029,32477,0
1030,32482,0
1031,32485,0
1032,32488,1
1033,32505,1
1034,32506,1
1035,32512,0
1036,32518,1
1037,32523,1
1038,32537,0
1039,32544,0
1040,32551,1
1041,32552,0
1042,32555,0
1043,32578,1
1044,32579,1
1045,32599,1
1046,32603,1
1047,32622,0
1048,32623,0
1049,32628,1
1050,32638,0
1051,32643,1
1052,32649,1
1053,32658,1
1054,32659,0
1055,32668,0
1056,32670,0
1057,32678,1
1058,32682,1
1059,32694,1
1060,32696,1
1061,32697,1
1062,32705,1
1063,32707,1
1064,32708,1
1065,32710,1
1066,32711,0
1067,32719,1
1068,32746,1
1069,32749,1
1070,32755,0
1071,32758,0
1072,32760,0
1073,32762,0
1074,32765,1
1075,32769,0
1076,32771,1
1077,32779,1
1078,32784,0
1079,32790,1
1080,32792,1
1081,32802,1
1082,32810,0
1083,32813,1
1084,32815,0
1085,32821,0
1086,32822,1
1087,32825,0
1088,32829,1
1089,32830,1
1090,32833,1
1091,32835,1
1092,32851,1
1093,32863,1
1094,32866,1
1095,32868,0
1096,32870,1
1097,32877,1
1098,32888,0
1099,32892,0
1100,32900,0
1101,32919,0
1102,32928,1
1103,32931,1
1104,32932,0
1105,32939,1
1106,32942,1
1107,32946,1
1108,32956,0
1109,32957,0
1110,32965,1
1111,32970,0
1112,32974,0
1113,32976,1
1114,32979,1
1115,32980,1
1116,32995,1
1117,33001,1
1118,33008,1
1119,33019,0
1120,33022,1
1121,33025,1
1122,33031,1
1123,33041,0
1124,33042,1
1125,33044,1
1126,33050,0
1127,33051,1
1128,33053,0
1129,33057,1
1130,33062,1
1131,33068,1
1132,33073,1
1133,33078,0
1134,33091,0
1135,33097,1
1136,33111,1
1137,33112,1
1138,33117,1
1139,33137,0
1140,33140,1
1141,33141,1
1142,33142,1
1143,33148,0
1144,33153,0
1145,33164,0
1146,33174,1
1147,33181,0
1148,33182,1
1149,33184,0
1150,33186,0
1151,33205,0
1152,33208,0
1153,33210,1
1154,33215,1
1155,33223,0
1156,33239,1
1157,33245,0
1158,33247,1
1159,33253,1
1160,33264,1
1161,33272,1
1162,33283,1
1163,33284,0
1164,33287,1
1165,33319,1
1166,33322,0
1167,33327,1
1168,33328,0
1169,33339,1
1170,33343,1
1171,33346,1
1172,33356,1
1173,33359,1
1174,33361,0
1175,33367,0
1176,33375,1
1177,33376,1
1178,33406,1
1179,33429,0
1180,33434,0
1181,33441,0
1182,33443,0
1183,33450,0
1184,33458,1
1185,33460,1
1186,33470,1
1187,33471,0
1188,33473,1
1189,33487,0
1190,33493,1
1191,33496,1
1192,33506,1
1193,33510,1
1194,33516,0
1195,33521,1
1196,33528,0
1197,33529,1
1198,33539,0
1199,33541,1
1200,33546,0
1201,33548,0
1202,33552,1
1203,33554,0
1204,33556,1
1205,33560,1
1206,33563,0
1207,33570,1
1208,33571,0
1209,33573,0
1210,33576,0
1211,33584,1
1212,33588,1
1213,33595,1
1214,33604,1
1215,33615,1
1216,33616,1
1217,33626,1
1218,33627,1
1219,33630,1
1220,33631,1
1221,33632,1
1222,33634,1
1223,33636,0
1224,33639,1
1225,33641,1
1226,33648,1
1227,33653,1
1228,33654,1
1229,33660,0
1230,33661,0
1231,33662,1
1232,33663,0
1233,33682,0
1234,33683,1
1235,33685,0
1236,33689,0
1237,33690,1
1238,33696,0
1239,33720,1
1240,33721,1
1241,33723,0
1242,33725,0
1243,33731,1
1244,33732,1
1245,33733,1
1246,33735,0
1247,33743,1
1248,33748,1
1249,33750,1
1250,33756,1
1251,33758,1
1252,33759,1
1253,33763,0
1254,33765,0
1255,33773,1
1256,33775,1
1257,33777,0
1258,33793,0
1259,33795,0
1260,33799,1
1261,33801,0
1262,33803,0
1263,33804,1
1264,33820,0
1265,33821,0
1266,33829,1
1267,33837,1
1268,33838,0
1269,33840,0
1270,33849,1
1271,33853,0
1272,33858,1
1273,33865,1
1274,33880,1
1275,33881,0
1276,33885,1
1277,33890,0
1278,33892,1
1279,33896,1
1280,33901,1
1281,33903,1
1282,33905,1
1283,33907,1
1284,33917,1
1285,33918,0
1286,33920,1
1287,33934,0
1288,33935,1
1289,33939,1
1290,33949,1
1291,33953,1
1292,33956,0
1293,33965,0
1294,33971,1
1295,33972,1
1296,33986,0
1297,33987,0
1298,33992,0
1299,33995,1
1300,33999,0
1301,34001,1
1302,34008,1
1303,34011,0
1304,34019,1
1305,34022,0
1306,34036,0
1307,34038,1
1308,34043,0
1309,34047,1
1310,34054,0
1311,34056,0
1312,34060,0
1313,34063,1
1314,34086,1
1315,34088,0
1316,34094,1
1317,34095,0
1318,34105,1
1319,34108,0
1320,34124,1
1321,34129,1
1322,34130,1
1323,34143,1
1324,34146,0
1325,34151,1
1326,34155,0
1327,34160,1
1328,34161,0
1329,34165,0
1330,34166,0
1331,34172,0
1332,34175,0
1333,34176,1
1334,34177,0
1335,34179,1
1336,34182,1
1337,34183,1
1338,34185,0
1339,34191,0
1340,34199,0
1341,34206,1
1342,34216,1
1343,34221,1
1344,34224,1
1345,34226,1
1346,34227,0
1347,34253,1
1348,34254,1
1349,34255,0
1350,34259,0
1351,34267,1
1352,34274,0
1353,34283,1
1354,34287,1
1355,34289,0
1356,34290,1
1357,34292,1
1358,34294,1
1359,34296,0
1360,34301,1
1361,34313,1
1362,34322,1
1363,34333,0
1364,34346,1
1365,34349,0
1366,34350,0
1367,34351,1
1368,34352,1
1369,34355,0
1370,34361,1
1371,34362,0
1372,34364,1
1373,34366,1
1374,34371,1
1375,34375,1
1376,34381,0
1377,34383,0
1378,34386,0
1379,34388,1
1380,34391,0
1381,34401,1
1382,34406,0
1383,34411,0
1384,34418,0
1385,34419,1
1386,34420,0
1387,34425,1
1388,34429,0
1389,34432,0
1390,34436,1
1391,34438,0
1392,34445,0
1393,34446,0
1394,34457,0
1395,34459,1
1396,34462,1
1397,34467,1
1398,34469,1
1399,34472,0
1400,34473,1
1401,34476,0
1402,34480,1
1403,34482,1
1404,34484,0
1405,34488,1
1406,34490,1
1407,34502,0
1408,34510,1
1409,34513,1
1410,34519,0
1411,34522,0
1412,34530,0
1413,34537,0
1414,34542,0
1415,34544,0
1416,34545,0
1417,34549,0
1418,34551,0
1419,34560,0
1420,34562,1
1421,34567,1
1422,34573,1
1423,34574,0
1424,34575,0
1425,34584,0
1426,34586,1
1427,34590,1
1428,34610,0
1429,34625,1
1430,34632,0
1431,34634,1
1432,34638,1
1433,34646,0
1434,34654,1
1435,34657,1
1436,34660,0
1437,34668,1
1438,34671,0
1439,34672,1
1440,34673,0
1441,34674,0
1442,34681,0
1443,34682,0
1444,34687,0
1445,34689,1
1446,34707,1
1447,34714,1
1448,34715,0
1449,34717,1
1450,34719,0
1451,34721,0
1452,34724,1
1453,34728,0
1454,34734,0
1455,34736,1
1456,34737,1
1457,34739,0
1458,34742,1
1459,34745,1
1460,34748,0
1461,34750,1
1462,34761,1
1463,34766,1
1464,34767,1
1465,34771,1
1466,34774,1
1467,34778,0
1468,34782,1
1469,34783,1
1470,34787,1
1471,34792,1
1472,34796,1
1473,34797,0
1474,34798,1
1475,34808,1
1476,34824,1
1477,34826,1
1478,34829,1
1479,34830,1
1480,34833,1
1481,34835,0
1482,34839,0
1483,34843,0
1484,34848,1
1485,34853,0
1486,34856,0
1487,34864,1
1488,34865,1
1489,34869,0
1490,34877,1
1491,34894,1
1492,34900,1
1493,34906,1
1494,34910,1
1495,34911,1
1496,34916,0
1497,34917,0
1498,34921,1
1499,34922,0
1500,34927,1
1501,34929,0
1502,34934,0
1503,34944,0
1504,34950,0
1505,34955,0
1506,34966,1
1507,34970,1
1508,34977,0
1509,34978,0
1510,34989,1
1511,34992,1
1512,34995,0
1513,35012,0
1514,35018,0
1515,35027,1
1516,35028,0
1517,35029,1
1518,35030,1
1519,35035,1
1520,35036,1
1521,35037,1
1522,35042,1
1523,35047,0
1524,35048,0
1525,35051,1
1526,35056,0
1527,35057,1
1528,35058,1
1529,35059,0
1530,35063,1
1531,35067,1
1532,35074,1
1533,35075,0
1534,35082,0
1535,35087,1
1536,35094,0
1537,35097,1
1538,35098,0
1539,35100,1
1540,35101,0
1541,35108,0
1542,35112,1
1543,35123,0
1544,35126,1
1545,35127,1
1546,35139,1
1547,35144,0
1548,35145,0
1549,35155,0
1550,35157,1
1551,35159,0
1552,35163,0
1553,35168,1
1554,35171,0
1555,35172,0
1556,35174,0
1557,35184,0
1558,35191,1
1559,35199,1
1560,35208,0
1561,35212,0
1562,35227,0
1563,35231,0
1564,35234,1
1565,35242,1
1566,35248,1
1567,35251,1
1568,35253,1
1569,35264,0
1570,35271,1
1571,35275,1
1572,35276,0
1573,35279,1
1574,35281,1
1575,35288,1
1576,35289,0
1577,35301,1
1578,35303,1
1579,35309,0
1580,35312,0
1581,35324,1
1582,35337,1
1583,35343,0
1584,35353,0
1585,35354,0
1586,35355,1
1587,35360,1
1588,35361,0
1589,35369,0
1590,35371,1
1591,35373,0
1592,35374,1
1593,35378,0
1594,35379,1
1595,35381,0
1596,35383,1
1597,35385,1
1598,35389,0
1599,35393,0
1600,35396,1
1601,35402,0
1602,35405,1
1603,35406,1
1604,35415,1
1605,35419,1
1606,35425,0
1607,35431,0
1608,35433,1
1609,35435,0
1610,35436,0
1611,35438,0
1612,35441,1
1613,35443,1
1614,35446,1
1615,35451,0
1616,35455,1
1617,35456,1
1618,35457,1
1619,35461,1
1620,35470,0
1621,35479,0
1622,35482,1
1623,35484,1
1624,35485,0
1625,35486,1
1626,35489,1
1627,35495,1
1628,35508,0
1629,35518,1
1630,35525,0
1631,35527,0
1632,35534,1
1633,35538,1
1634,35539,1
1635,35540,0
1636,35542,1
1637,35545,1
1638,35551,1
1639,35553,1
1640,35557,1
1641,35558,1
1642,35570,0
1643,35574,0
1644,35576,1
1645,35577,1
1646,35580,0
1647,35583,0
1648,35586,0
1649,35590,0
1650,35591,1
1651,35595,0
1652,35603,0
1653,35607,0
1654,35610,0
1655,35611,0
1656,35623,1
1657,35627,1
1658,35632,1
1659,35633,0
1660,35634,1
1661,35635,1
1662,35637,0
1663,35647,1
1664,35654,1
1665,35661,1
1666,35665,0
1667,35666,0
1668,35668,1
1669,35669,0
1670,35683,1
1671,35704,0
1672,35713,0
1673,35718,0
1674,35722,0
1675,35723,0
1676,35726,1
1677,35727,1
1678,35731,0
1679,35733,1
1680,35738,0
1681,35744,0
1682,35747,0
1683,35752,1
1684,35761,0
1685,35773,0
1686,35781,1
1687,35783,1
1688,35784,0
1689,35793,0
1690,35794,0
1691,35796,1
1692,35799,0
1693,35801,0
1694,35805,0
1695,35811,1
1696,35814,1
1697,35821,0
1698,35840,0
1699,35846,1
1700,35847,1
1701,35868,1
1702,35871,1
1703,35875,1
1704,35876,0
1705,35878,1
1706,35885,0
1707,35902,1
1708,35905,1
1709,35907,1
1710,35924,0
1711,35931,0
1712,35932,1
1713,35944,1
1714,35952,1
1715,35954,0
1716,35964,0
1717,35972,0
1718,35973,1
1719,35976,0
1720,35980,0
1721,35981,0
1722,35992,1
1723,35994,1
1724,36001,1
1725,36007,0
1726,36025,0
1727,36032,0
1728,36037,0
1729,36041,0
1730,36048,1
1731,36053,0
1732,36054,0
1733,36060,0
1734,36063,0
1735,36066,0
1736,36071,1
1737,36077,0
1738,36080,0
1739,36084,0
1740,36093,1
1741,36098,0
1742,36109,1
1743,36111,1
1744,36114,1
1745,36121,0
1746,36129,1
1747,36144,0
1748,36145,1
1749,36149,1
1750,36150,0
1751,36152,0
1752,36160,1
1753,36163,1
1754,36167,0
1755,36169,1
1756,36170,1
1757,36174,1
1758,36176,0
1759,36177,1
1760,36180,1
1761,36190,1
1762,36198,1
1763,36209,1
1764,36211,1
1765,36213,0
1766,36219,1
1767,36221,1
1768,36240,0
1769,36244,1
1770,36260,0
1771,36273,1
1772,36276,0
1773,36284,0
1774,36301,1
1775,36305,1
1776,36307,1
1777,36308,1
1778,36309,0
1779,36316,0
1780,36325,0
1781,36330,1
1782,36331,1
1783,36333,0
1784,36335,0
1785,36336,1
1786,36337,1
1787,36346,1
1788,36353,1
1789,36356,0
1790,36359,1
1791,36369,1
1792,36384,1
1793,36391,1
1794,36395,0
1795,36397,0
1796,36401,1
1797,36404,1
1798,36409,1
1799,36416,0
1800,36421,1
1801,36429,0
1802,36431,0
1803,36434,0
1804,36451,0
1805,36455,0
1806,36460,0
1807,36470,0
1808,36471,1
1809,36476,1
1810,36480,1
1811,36487,1
1812,36488,1
1813,36496,0
1814,36499,0
1815,36504,1
1816,36516,0
1817,36518,1
1818,36521,1
1819,36523,1
1820,36528,1
1821,36534,1
1822,36548,0
1823,36559,1
1824,36573,1
1825,36576,0
1826,36578,0
1827,36584,0
1828,36599,0
1829,36602,0
1830,36615,0
1831,36617,0
1832,36633,1
1833,36635,0
1834,36639,0
1835,36640,1
1836,36653,0
1837,36656,1
1838,36658,1
1839,36660,1
1840,36675,1
1841,36677,0
1842,36683,0
1843,36684,0
1844,36688,0
1845,36689,1
1846,36691,1
1847,36693,1
1848,36694,0
1849,36704,1
1850,36719,1
1851,36730,0
1852,36735,0
1853,36745,0
1854,36749,1
1855,36751,1
1856,36757,1
1857,36763,0
1858,36768,1
1859,36770,1
1860,36782,1
1861,36793,0
1862,36794,1
1863,36797,0
1864,36799,1
1865,36811,1
1866,36826,1
1867,36828,1
1868,36843,0
1869,36846,0
1870,36847,1
1871,36857,0
1872,36858,1
1873,36859,0
1874,36873,0
1875,36874,1
1876,36879,1
1877,36880,1
1878,36883,1
1879,36885,1
1880,36888,0
1881,36889,1
1882,36892,1
1883,36897,0
1884,36902,1
1885,36907,0
1886,36916,0
1887,36920,0
1888,36922,1
1889,36924,0
1890,36925,1
1891,36926,1
1892,36927,1
1893,36929,0
1894,36937,0
1895,36939,0
1896,36947,1
1897,36951,1
1898,36952,1
1899,36953,0
1900,36960,1
1901,36968,0
1902,36975,1
1903,36979,1
1904,36985,1
1905,36991,0
1906,36992,1
1907,36993,1
1908,37005,0
1909,37022,0
1910,37025,0
1911,37031,0
1912,37037,1
1913,37038,1
1914,37039,1
1915,37048,0
1916,37051,0
1917,37053,0
1918,37056,0
1919,37057,0
1920,37063,0
1921,37066,1
1922,37067,0
1923,37074,0
1924,37075,0
1925,37078,1
1926,37083,1
1927,37084,1
1928,37085,0
1929,37090,1
1930,37111,1
1931,37114,1
1932,37115,1
1933,37126,0
1934,37128,1
1935,37137,1
1936,37144,1
1937,37148,0
1938,37154,1
1939,37156,0
1940,37159,0
1941,37161,0
1942,37162,1
1943,37165,1
1944,37187,0
1945,37188,0
1946,37192,0
1947,37196,1
1948,37197,0
1949,37199,0
1950,37203,0
1951,37210,0
1952,37219,1
1953,37220,0
1954,37221,1
1955,37224,1
1956,37232,0
1957,37234,0
1958,37235,0
1959,37236,0
1960,37238,1
1961,37240,1
1962,37241,0
1963,37252,1
1964,37255,0
1965,37257,1
1966,37261,0
1967,37263,0
1968,37267,1
1969,37273,1
1970,37281,0
1971,37290,0
1972,37293,0
1973,37295,1
1974,37296,1
1975,37299,1
1976,37305,0
1977,37306,1
1978,37307,0
1979,37308,0
1980,37311,0
1981,37313,1
1982,37315,1
1983,37317,1
1984,37318,0
1985,37322,1
1986,37323,1
1987,37326,0
1988,37328,0
1989,37332,0
1990,37333,0
1991,37335,1
1992,37340,0
1993,37342,0
1994,37346,1
1995,37349,1
1996,37352,1
1997,37356,0
1998,37359,1
1999,37360,1
2000,37363,1
2001,37364,0
2002,37365,1
2003,37369,1
2004,37372,1
2005,37382,0
2006,37385,0
2007,37386,1
2008,37388,0
2009,37390,1
2010,37395,0
2011,37397,1
2012,37398,1
2013,37410,1
2014,37413,0
2015,37416,1
2016,37417,0
2017,37418,1
2018,37422,1
2019,37426,1
2020,37436,1
2021,37437,0
2022,37439,0
2023,37443,1
2024,37451,1
2025,37463,1
2026,37467,0
2027,37470,0
2028,37471,1
2029,37480,1
2030,37489,1
2031,37495,1
2032,37496,0
2033,37498,1
2034,37499,0
2035,37510,1
2036,37513,1
2037,37517,0
2038,37518,1
2039,37521,0
2040,37522,0
2041,37527,1
2042,37528,1
2043,37531,0
2044,37534,1
2045,37535,1
2046,37536,1
2047,37540,1
2048,37542,0
2049,37543,0
2050,37556,1
2051,37558,0
2052,37560,0
2053,37566,0
2054,37571,1
2055,37573,1
2056,37578,0
2057,37582,0
2058,37583,1
2059,37598,0
2060,37599,0
2061,37600,0
2062,37604,1
2063,37609,0
2064,37623,1
2065,37624,0
2066,37626,0
2067,37628,1
2068,37629,1
2069,37632,1
2070,37634,0
2071,37638,1
2072,37642,0
2073,37643,0
2074,37648,0
2075,37651,0
2076,37657,1
2077,37658,0
2078,37662,1
2079,37667,0
2080,37670,1
2081,37672,1
2082,37698,0
2083,37701,1
2084,37706,1
2085,37709,1
2086,37713,0
2087,37716,1
2088,37722,1
2089,37725,0
2090,37729,0
2091,37731,1
2092,37739,0
2093,37740,1
2094,37741,1
2095,37745,0
2096,37752,1
2097,37766,1
2098,37768,0
2099,37769,1
2100,37780,1
2101,37783,0
2102,37786,0
2103,37788,1
2104,37791,1
2105,37805,1
2106,37807,0
2107,37808,0
2108,37819,0
2109,37825,1
2110,37828,0
2111,37832,1
2112,37838,0
2113,37841,1
2114,37851,0
2115,37858,0
2116,37860,0
2117,37867,1
2118,37873,0
2119,37882,1
2120,37887,1
2121,37893,0
2122,37898,0
2123,37904,1
2124,37907,0
2125,37913,0
2126,37915,0
2127,37916,1
2128,37917,0
2129,37925,1
2130,37928,0
2131,37932,1
2132,37958,0
2133,37970,1
2134,37975,1
2135,37978,1
2136,37982,1
2137,37988,1
2138,38009,1
2139,38010,1
2140,38011,0
2141,38015,0
2142,38018,1
2143,38021,0
2144,38054,0
2145,38055,1
2146,38061,0
2147,38062,1
2148,38064,1
2149,38068,1
2150,38070,1
2151,38085,0
2152,38098,1
2153,38099,1
2154,38101,1
2155,38110,0
2156,38114,1
2157,38122,1
2158,38127,1
2159,38131,0
2160,38135,1
2161,38139,0
2162,38145,1
2163,38153,0
2164,38156,0
2165,38162,1
2166,38163,0
2167,38167,0
2168,38174,0
2169,38175,0
2170,38176,1
2171,38179,0
2172,38182,0
2173,38185,0
2174,38189,1
2175,38200,0
2176,38206,0
2177,38207,1
2178,38213,0
2179,38215,1
2180,38217,0
2181,38219,0
2182,38223,0
2183,38229,1
2184,38230,0
2185,38231,1
2186,38245,1
2187,38247,1
2188,38248,1
2189,38252,1
2190,38253,1
2191,38255,1
2192,38261,0
2193,38273,1
2194,38281,1
2195,38287,1
2196,38296,0
2197,38305,1
2198,38308,1
2199,38310,1
2200,38312,1
2201,38313,0
2202,38314,1
2203,38315,0
2204,38316,0
2205,38328,1
2206,38338,1
2207,38340,1
2208,38343,1
2209,38348,0
2210,38352,0
2211,38355,1
2212,38365,1
2213,38366,1
2214,38375,0
2215,38378,0
2216,38386,1
2217,38387,1
2218,38396,1
2219,38397,1
2220,38399,1
2221,38404,0
2222,38406,0
2223,38408,1
2224,38413,1
2225,38414,0
2226,38418,1
2227,38424,1
2228,38427,1
2229,38429,1
2230,38436,1
2231,38439,0
2232,38442,0
2233,38444,1
2234,38448,1
2235,38449,0
2236,38451,1
2237,38454,0
2238,38459,1
2239,38472,1
2240,38473,0
2241,38474,1
2242,38475,0
2243,38486,0
2244,38489,0
2245,38496,1
2246,38501,1
2247,38503,1
2248,38504,1
2249,38505,0
2250,38506,1
2251,38516,1
2252,38517,1
2253,38521,1
2254,38524,0
2255,38526,0
2256,38528,1
2257,38538,0
2258,38550,1
2259,38552,0
2260,38555,1
2261,38561,1
2262,38565,1
2263,38577,0
2264,38582,0
2265,38585,1
2266,38606,1
2267,38617,1
2268,38641,1
2269,38646,0
2270,38649,0
2271,38664,1
2272,38670,0
2273,38677,0
2274,38679,1
2275,38691,0
2276,38692,0
2277,38693,0
2278,38708,1
2279,38709,0
2280,38710,0
2281,38711,1
2282,38717,0
2283,38723,0
2284,38725,1
2285,38735,1
2286,38747,0
2287,38748,0
2288,38753,0
2289,38778,0
2290,38780,1
2291,38781,0
2292,38787,0
2293,38798,0
2294,38801,1
2295,38809,0
2296,38810,0
2297,38813,0
2298,38818,1
2299,38840,0
2300,38842,1
2301,38845,1
2302,38848,0
2303,38850,1
2304,38854,1
2305,38855,1
2306,38857,1
2307,38860,1
2308,38861,0
2309,38862,1
2310,38871,0
2311,38878,0
2312,38885,0
2313,38889,0
2314,38890,1
2315,38894,0
2316,38903,1
2317,38904,1
2318,38912,1
2319,38915,0
2320,38917,1
2321,38933,1
2322,38941,0
2323,38952,0
2324,38961,1
2325,38966,0
2326,38967,1
2327,38977,1
2328,38978,0
2329,38985,0
2330,38988,1
2331,38991,0
2332,38993,0
2333,39000,1
2334,39002,0
2335,39004,1
2336,39011,1
2337,39013,0
2338,39017,0
2339,39019,0
2340,39023,1
2341,39026,1
2342,39027,0
2343,39034,1
2344,39036,1
2345,39038,0
2346,39044,0
2347,39053,0
2348,39054,1
2349,39060,1
2350,39062,0
2351,39064,0
2352,39069,1
2353,39073,0
2354,39083,1
2355,39087,1
2356,39089,0
2357,39092,1
2358,39100,1
2359,39102,1
2360,39108,1
2361,39119,0
2362,39127,1
2363,39132,0
2364,39137,0
2365,39142,0
2366,39157,0
2367,39166,1
2368,39170,0
2369,39172,1
2370,39175,0
2371,39176,0
2372,39188,1
2373,39189,0
2374,39192,0
2375,39203,1
2376,39212,1
2377,39214,1
2378,39228,1
2379,39257,0
2380,39268,1
2381,39273,0
2382,39277,1
2383,39278,1
2384,39279,1
2385,39283,1
2386,39285,1
2387,39286,1
2388,39287,0
2389,39290,1
2390,39294,1
2391,39295,1
2392,39308,1
2393,39309,1
2394,39312,0
2395,39315,0
2396,39319,0
2397,39321,0
2398,39330,1
2399,39331,0
2400,39338,1
2401,39348,0
2402,39363,0
2403,39373,1
2404,39378,1
2405,39379,1
2406,39382,0
2407,39383,1
2408,39387,1
2409,39391,0
2410,39400,1
2411,39402,1
2412,39403,0
2413,39405,1
2414,39411,0
2415,39425,1
2416,39444,1
2417,39447,1
2418,39451,0
2419,39453,1
2420,39455,1
2421,39460,1
2422,39466,1
2423,39478,0
2424,39480,1
2425,39484,1
2426,39492,0
2427,39496,0
2428,39497,1
2429,39499,0
2430,39500,1
2431,39507,1
2432,39508,0
2433,39510,0
2434,39514,1
2435,39516,1
2436,39527,1
2437,39528,1
2438,39529,1
2439,39535,0
2440,39536,0
2441,39547,1
2442,39558,1
2443,39565,1
2444,39575,1
2445,39576,0
2446,39578,0
2447,39583,0
2448,39587,0
2449,39588,1
2450,39591,1
2451,39592,1
2452,39594,1
2453,39600,1
2454,39602,0
2455,39606,1
2456,39610,0
2457,39614,0
2458,39624,1
2459,39632,1
2460,39642,0
2461,39647,0
2462,39655,1
2463,39660,0
2464,39661,0
2465,39664,0
2466,39676,1
2467,39687,1
2468,39689,0
2469,39691,0
2470,39708,1
2471,39713,1
2472,39715,1
2473,39716,0
2474,39726,0
2475,39733,0
2476,39735,1
2477,39736,0
2478,39738,1
2479,39740,0
2480,39741,1
2481,39745,0
2482,39759,0
2483,39762,0
2484,39767,0
2485,39768,1
2486,39770,0
2487,39773,1
2488,39779,1
2489,39782,1
2490,39794,1
2491,39802,1
2492,39804,0
2493,39808,1
2494,39810,1
2495,39811,1
2496,39813,0
2497,39815,0
2498,39821,1
2499,39831,1
2500,39843,1
2501,39847,1
2502,39856,1
2503,39862,0
2504,39865,0
2505,39866,0
2506,39868,1
2507,39877,0
2508,39879,1
2509,39887,1
2510,39891,0
2511,39900,1
2512,39907,0
2513,39909,1
2514,39913,1
2515,39917,0
2516,39921,1
2517,39928,0
2518,39930,1
2519,39932,0
2520,39935,1
2521,39946,1
2522,39947,0
2523,39951,0
2524,39953,0
2525,39958,1
2526,39960,0
2527,39974,0
2528,39976,1
2529,39979,0
2530,39981,1
2531,39984,0
2532,40010,1
2533,40012,1
2534,40017,1
2535,40046,1
2536,40055,1
2537,40063,1
2538,40065,1
2539,40082,0
2540,40083,0
2541,40085,1
2542,40086,1
2543,40096,1
2544,40100,0
2545,40102,0
2546,40109,1
2547,40115,0
2548,40116,1
2549,40120,0
2550,40121,1
2551,40135,1
2552,40147,1
2553,40148,0
2554,40149,1
2555,40151,0
2556,40152,1
2557,40154,1
2558,40159,1
2559,40160,0
2560,40164,0
2561,40177,0
2562,40182,1
2563,40189,1
2564,40196,1
2565,40201,0
2566,40207,0
2567,40209,1
2568,40217,0
2569,40222,1
2570,40228,1
2571,40229,1
2572,40231,1
2573,40237,1
2574,40247,0
2575,40251,0
2576,40259,0
2577,40267,0
2578,40274,0
2579,40279,1
2580,40290,0
2581,40293,0
2582,40294,1
2583,40296,1
2584,40297,0
2585,40304,1
2586,40307,1
2587,40309,0
2588,40316,1
2589,40317,1
2590,40326,1
2591,40334,0
2592,40335,1
2593,40341,0
2594,40348,0
2595,40349,1
2596,40353,1
2597,40357,1
2598,40360,1
2599,40370,0
2600,40374,0
2601,40379,1
2602,40383,0
2603,40385,1
2604,40396,1
2605,40400,0
2606,40402,0
2607,40417,1
2608,40421,1
2609,40443,0
2610,40446,0
2611,40456,1
2612,40461,0
2613,40468,0
2614,40469,1
2615,40476,1
2616,40478,0
2617,40482,1
2618,40489,0
2619,40493,1
2620,40499,0
2621,40506,0
2622,40518,1
2623,40527,1
2624,40540,1
2625,40548,0
2626,40551,1
2627,40553,0
2628,40559,0
2629,40565,1
2630,40574,1
2631,40576,1
2632,40581,0
2633,40584,1
2634,40586,0
2635,40594,0
2636,40599,0
2637,40600,0
2638,40602,1
2639,40609,0
2640,40616,1
2641,40621,1
2642,40622,0
2643,40626,0
2644,40628,1
2645,40632,1
2646,40645,0
2647,40646,0
2648,40649,1
2649,40653,0
2650,40660,1
2651,40661,1
2652,40670,1
2653,40674,0
2654,40680,1
2655,40686,1
2656,40691,0
2657,40692,1
2658,40694,0
2659,40699,1
2660,40702,0
2661,40707,1
2662,40710,0
2663,40718,1
2664,40720,0
2665,40724,0
2666,40732,1
2667,40741,1
2668,40742,1
2669,40744,0
2670,40745,1
2671,40750,1
2672,40754,1
2673,40758,1
2674,40762,1
2675,40768,0
2676,40772,1
2677,40778,1
2678,40786,0
2679,40791,1
2680,40792,0
2681,40793,1
2682,40797,0
2683,40806,0
2684,40807,1
2685,40810,0
2686,40814,1
2687,40822,0
2688,40836,1
2689,40841,1
2690,40843,1
2691,40856,0
2692,40857,0
2693,40862,0
2694,40864,0
2695,40874,0
2696,40877,1
2697,40891,0
2698,40893,1
2699,40901,0
2700,40915,1
2701,40929,1
2702,40947,0
2703,40953,1
2704,40956,1
2705,40958,0
2706,40961,1
2707,40968,1
2708,40971,1
2709,40982,0
2710,40986,1
2711,40994,0
2712,41002,1
2713,41009,1
2714,41019,1
2715,41022,1
2716,41023,0
2717,41024,1
2718,41036,0
2719,41039,0
2720,41051,0
2721,41054,1
2722,41070,1
2723,41071,1
2724,41073,1
2725,41075,1
2726,41079,1
2727,41089,1
2728,41093,1
2729,41095,0
2730,41098,1
2731,41099,1
2732,41101,0
2733,41102,1
2734,41105,1
2735,41106,0
2736,41110,1
2737,41111,1
2738,41113,0
2739,41120,0
2740,41122,0
2741,41124,1
2742,41131,1
2743,41132,1
2744,41134,1
2745,41143,0
2746,41144,0
2747,41147,1
2748,41151,0
2749,41158,0
2750,41163,0
2751,41164,1
2752,41166,1
2753,41173,0
2754,41174,0
2755,41181,1
2756,41189,1
2757,41197,1
2758,41202,0
2759,41204,1
2760,41207,0
2761,41209,1
2762,41217,0
2763,41239,0
2764,41242,1
2765,41243,1
2766,41244,0
2767,41254,0
2768,41263,1
2769,41267,0
2770,41271,0
2771,41273,1
2772,41276,0
2773,41283,0
2774,41285,0
2775,41291,1
2776,41292,0
2777,41297,0
2778,41299,1
2779,41303,1
2780,41308,1
2781,41316,0
2782,41325,1
2783,41326,1
2784,41336,0
2785,41349,0
2786,41356,1
2787,41360,1
2788,41375,0
2789,41378,1
2790,41381,0
2791,41393,1
2792,41396,0
2793,41397,1
2794,41398,1
2795,41403,1
2796,41405,0
2797,41407,1
2798,41410,1
2799,41424,1
2800,41428,1
2801,41433,0
2802,41435,1
2803,41441,0
2804,41443,1
2805,41449,0
2806,41454,1
2807,41457,0
2808,41459,0
2809,41463,1
2810,41467,1
2811,41473,1
2812,41475,1
2813,41480,1
2814,41486,0
2815,41488,1
2816,41491,1
2817,41499,0
2818,41501,1
2819,41503,1
2820,41505,0
2821,41509,0
2822,41517,0
2823,41524,0
2824,41525,0
2825,41526,1
2826,41530,1
2827,41531,1
2828,41535,1
2829,41542,0
2830,41544,1
2831,41549,0
2832,41552,1
2833,41553,0
2834,41557,1
2835,41558,0
2836,41567,1
2837,41576,0
2838,41579,0
2839,41585,1
2840,41586,0
2841,41587,1
2842,41589,1
2843,41591,0
2844,41593,1
2845,41598,1
2846,41599,0
2847,41601,0
2848,41604,0
2849,41609,0
2850,41610,0
2851,41612,1
2852,41613,1
2853,41618,1
2854,41626,0
2855,41637,1
2856,41639,0
2857,41642,1
2858,41643,1
2859,41646,1
2860,41658,0
2861,41659,1
2862,41663,1
2863,41666,0
2864,41670,1
2865,41671,1
2866,41672,0
2867,41683,0
2868,41689,1
2869,41692,0
2870,41700,0
2871,41707,0
2872,41709,0
2873,41711,1
2874,41712,0
2875,41719,1
2876,41730,0
2877,41740,1
2878,41741,1
2879,41743,0
2880,41749,0
2881,41751,0
2882,41753,1
2883,41763,0
2884,41774,0
2885,41777,0
2886,41783,0
2887,41784,0
2888,41794,0
2889,41796,1
2890,41798,1
2891,41802,0
2892,41805,0
2893,41811,1
2894,41816,1
2895,41817,1
2896,41821,1
2897,41823,1
2898,41825,1
2899,41831,1
2900,41832,0
2901,41833,0
2902,41836,1
2903,41837,0
2904,41839,1
2905,41846,1
2906,41857,0
2907,41865,0
2908,41873,1
2909,41875,0
2910,41877,0
2911,41897,0
2912,41898,1
2913,41900,1
2914,41902,1
2915,41911,0
2916,41914,1
2917,41918,0
2918,41920,1
2919,41929,0
2920,41937,1
2921,41938,0
2922,41940,0
2923,41941,0
2924,41942,0
2925,41944,1
2926,41948,1
2927,41954,1
2928,41972,0
2929,41974,0
2930,41977,0
2931,41980,1
2932,41994,0
2933,42002,0
2934,42004,1
2935,42012,0
2936,42014,1
2937,42026,1
2938,42032,1
2939,42035,0
2940,42039,1
2941,42048,1
2942,42051,1
2943,42053,0
2944,42077,0
2945,42079,1
2946,42082,1
2947,42091,1
2948,42104,0
2949,42112,0
2950,42125,1
2951,42132,0
2952,42133,1
2953,42136,0
2954,42148,0
2955,42163,0
2956,42164,1
2957,42168,1
2958,42173,0
2959,42174,0
2960,42181,0
2961,42185,1
2962,42186,1
2963,42192,0
2964,42194,0
2965,42200,1
2966,42213,0
2967,42218,1
2968,42219,1
2969,42220,1
2970,42226,1
2971,42227,1
2972,42229,1
2973,42235,0
2974,42241,0
2975,42244,0
2976,42246,1
2977,42249,1
2978,42250,0
2979,42251,1
2980,42252,1
2981,42253,0
2982,42254,1
2983,42259,1
2984,42263,0
2985,42267,0
2986,42274,0
2987,42282,1
2988,42285,1
2989,42289,1
2990,42291,1
2991,42293,1
2992,42295,0
2993,42297,0
2994,42318,0
2995,42330,1
2996,42333,0
2997,42334,0
2998,42335,0
2999,42345,1
3000,42347,1
3001,42348,1
3002,42353,1
3003,42378,1
3004,42379,0
3005,42388,0
3006,42391,0
3007,42398,1
3008,42399,1
3009,42410,1
3010,42411,1
3011,42413,0
3012,42425,0
3013,42433,0
3014,42434,0
3015,42437,1
3016,42441,1
3017,42446,1
3018,42453,0
3019,42458,0
3020,42465,1
3021,42482,0
3022,42484,1
3023,42488,1
3024,42495,1
3025,42499,0
3026,42505,0
3027,42508,1
3028,42509,0
3029,42521,0
3030,42523,0
3031,42526,1
3032,42530,1
3033,42532,0
3034,42536,1
3035,42540,1
3036,42557,0
3037,42558,1
3038,42560,1
3039,42566,1
3040,42568,1
3041,42569,1
3042,42572,1
3043,42576,0
3044,42578,1
3045,42580,1
3046,42581,0
3047,42585,0
3048,42587,1
3049,42591,1
3050,42592,1
3051,42594,1
3052,42598,1
3053,42599,1
3054,42600,1
3055,42603,0
3056,42605,1
3057,42621,1
3058,42622,0
3059,42626,1
3060,42633,1
3061,42637,0
3062,42642,1
3063,42643,0
3064,42644,0
3065,42646,0
3066,42653,0
3067,42654,1
3068,42658,1
3069,42662,1
3070,42664,0
3071,42665,1
3072,42666,0
3073,42668,0
3074,42674,1
3075,42679,0
3076,42681,0
3077,42686,1
3078,42690,1
3079,42691,0
3080,42692,0
3081,42694,0
3082,42708,1
3083,42709,0
3084,42721,1
3085,42726,1
3086,42739,1
3087,42744,1
3088,42752,0
3089,42753,1
3090,42755,1
3091,42758,1
3092,42762,1
3093,42770,1
3094,42771,1
3095,42772,0
3096,42779,1
3097,42780,0
3098,42787,0
3099,42792,0
3100,42799,0
3101,42805,1
3102,42806,1
3103,42809,1
3104,42815,1
3105,42821,1
3106,42837,1
3107,42840,0
3108,42841,1
3109,42842,1
3110,42843,1
3111,42845,1
3112,42868,0
3113,42874,0
3114,42884,1
3115,42886,1
3116,42890,0
3117,42894,1
3118,42906,0
3119,42915,0
3120,42920,1
3121,42923,0
3122,42927,1
3123,42941,0
3124,42952,1
3125,42954,0
3126,42955,1
3127,42958,0
3128,42959,1
3129,42960,1
3130,42962,0
3131,42963,0
3132,42964,1
3133,42967,0
3134,42985,0
3135,42989,1
3136,42990,0
3137,42999,1
3138,43010,1
3139,43012,1
3140,43016,0
3141,43019,0
3142,43021,1
3143,43032,0
3144,43033,0
3145,43034,0
3146,43036,1
3147,43038,1
3148,43041,1
3149,43045,0
3150,43046,0
3151,43050,0
3152,43051,0
3153,43062,1
3154,43063,0
3155,43079,0
3156,43089,1
3157,43090,0
3158,43096,1
3159,43101,1
3160,43105,0
3161,43120,1
3162,43123,1
3163,43131,1
3164,43146,0
3165,43158,0
3166,43159,1
3167,43163,0
3168,43166,1
3169,43172,0
3170,43176,0
3171,43179,1
3172,43180,1
3173,43182,1
3174,43186,0
3175,43188,0
3176,43197,1
3177,43200,1
3178,43212,0
3179,43215,1
3180,43220,1
3181,43225,0
3182,43228,0
3183,43230,0
3184,43233,0
3185,43236,1
3186,43238,1
3187,43239,0
3188,43243,0
3189,43245,1
3190,43246,0
3191,43247,0
3192,43249,0
3193,43253,1
3194,43254,0
3195,43260,1
3196,43268,0
3197,43277,1
3198,43278,1
3199,43279,0
3200,43280,0
3201,43282,1
3202,43286,1
3203,43287,0
3204,43291,1
3205,43299,1
3206,43301,0
3207,43313,0
3208,43319,0
3209,43321,1
3210,43325,0
3211,43327,0
3212,43337,1
3213,43339,0
3214,43345,1
3215,43349,1
3216,43356,1
3217,43362,1
3218,43363,0
3219,43368,1
3220,43371,0
3221,43372,0
3222,43382,1
3223,43388,1
3224,43390,0
3225,43398,0
3226,43399,1
3227,43401,1
3228,43406,1
3229,43416,0
3230,43417,0
3231,43419,0
3232,43420,0
3233,43422,0
3234,43427,1
3235,43436,0
3236,43438,0
3237,43442,1
3238,43444,0
3239,43445,1
3240,43447,1
3241,43452,0
3242,43455,0
3243,43457,1
3244,43471,0
3245,43473,1
3246,43479,0
3247,43489,1
3248,43500,1
3249,43516,0
3250,43531,1
3251,43533,1
3252,43536,1
3253,43539,0
3254,43543,0
3255,43544,1
3256,43546,0
3257,43549,0
3258,43554,1
3259,43561,1
3260,43563,1
3261,43564,0
3262,43574,1
3263,43589,1
3264,43594,1
3265,43597,0
3266,43598,0
3267,43603,1
3268,43608,0
3269,43610,0
3270,43611,1
3271,43613,0
3272,43622,1
3273,43626,0
3274,43631,1
3275,43635,1
3276,43638,0
3277,43643,0
3278,43645,0
3279,43652,1
3280,43667,1
3281,43668,1
3282,43674,0
3283,43676,1
3284,43680,1
3285,43684,0
3286,43688,0
3287,43689,1
3288,43694,1
3289,43696,1
3290,43701,0
3291,43706,0
3292,43720,1
3293,43729,1
3294,43732,1
3295,43735,1
3296,43741,1
3297,43750,1
3298,43751,1
3299,43756,1
3300,43760,1
3301,43765,1
3302,43768,1
3303,43773,1
3304,43775,0
3305,43777,1
3306,43790,1
3307,43794,0
3308,43799,0
3309,43803,0
3310,43806,0
3311,43810,1
3312,43811,1
3313,43816,1
3314,43819,1
3315,43825,0
3316,43828,1
3317,43830,0
3318,43834,1
3319,43839,0
3320,43840,0
3321,43841,0
3322,43842,1
3323,43843,1
3324,43855,0
3325,43857,0
3326,43859,1
3327,43862,0
3328,43883,1
3329,43889,1
3330,43892,1
3331,43894,0
3332,43898,1
3333,43899,1
3334,43900,1
3335,43906,0
3336,43908,1
3337,43917,1
3338,43930,0
3339,43932,1
3340,43941,0
3341,43950,1
3342,43965,0
3343,43967,1
3344,43970,0
3345,43980,1
3346,43981,0
3347,43987,1
3348,43991,1
3349,43992,0
3350,44000,0
3351,44002,0
3352,44016,1
3353,44032,0
3354,44038,1
3355,44040,0
3356,44046,1
3357,44053,1
3358,44054,0
3359,44060,0
3360,44061,0
3361,44069,1
3362,44072,1
3363,44073,1
3364,44085,0
3365,44112,0
3366,44118,0
3367,44131,1
3368,44135,1
3369,44141,0
3370,44143,1
3371,44144,0
3372,44145,1
3373,44148,0
3374,44149,0
3375,44162,0
3376,44164,0
3377,44180,1
3378,44181,0
3379,44194,0
3380,44199,1
3381,44203,0
3382,44206,0
3383,44212,0
3384,44213,1
3385,44220,0
3386,44221,0
3387,44222,1
3388,44237,1
3389,44242,0
3390,44245,1
3391,44250,1
3392,44251,1
3393,44253,0
3394,44258,0
3395,44261,0
3396,44262,0
3397,44263,1
3398,44265,1
3399,44270,0
3400,44271,0
3401,44274,0
3402,44283,1
3403,44292,0
3404,44294,1
3405,44297,0
3406,44301,0
3407,44302,1
3408,44304,1
3409,44306,1
3410,44314,0
3411,44318,1
3412,44322,0
3413,44329,0
3414,44330,0
3415,44335,1
3416,44338,0
3417,44339,1
3418,44345,0
3419,44346,1
3420,44347,1
3421,44349,1
3422,44366,0
3423,44372,0
3424,44392,0
3425,44393,0
3426,44396,1
3427,44397,1
3428,44398,1
3429,44410,0
3430,44422,1
3431,44423,1
3432,44454,1
3433,44461,0
3434,44480,0
3435,44485,1
3436,44490,1
3437,44491,1
3438,44502,1
3439,44503,1
3440,44506,0
3441,44507,0
3442,44511,1
3443,44513,0
3444,44514,1
3445,44524,0
3446,44534,1
3447,44538,1
3448,44542,0
3449,44543,0
3450,44548,0
3451,44553,0
3452,44557,0
3453,44565,1
3454,44570,0
3455,44575,1
3456,44587,1
3457,44593,0
3458,44594,1
3459,44595,0
3460,44603,0
3461,44609,0
3462,44610,1
3463,44616,1
3464,44619,1
3465,44631,1
3466,44632,0
3467,44633,1
3468,44634,1
3469,44641,1
3470,44649,0
3471,44657,0
3472,44665,1
3473,44673,0
3474,44675,0
3475,44677,0
3476,44678,1
3477,44679,1
3478,44686,0
3479,44691,1
3480,44698,0
3481,44699,1
3482,44702,1
3483,44703,1
3484,44708,1
3485,44710,1
3486,44711,1
3487,44719,0
3488,44723,1
3489,44730,0
3490,44735,0
3491,44740,1
3492,44745,0
3493,44760,0
3494,44763,0
3495,44764,1
3496,44768,0
3497,44770,0
3498,44771,1
3499,44791,1
3500,44799,0
3501,44810,1
3502,44813,0
3503,44818,1
3504,44820,1
3505,44826,0
3506,44829,1
3507,44830,0
3508,44831,0
3509,44839,1
3510,44846,0
3511,44854,0
3512,44857,1
3513,44865,0
3514,44877,1
3515,44882,1
3516,44883,1
3517,44892,0
3518,44896,1
3519,44901,0
3520,44902,1
3521,44905,1
3522,44911,1
3523,44912,1
3524,44925,1
3525,44928,1
3526,44933,0
3527,44936,1
3528,44937,1
3529,44942,0
3530,44955,0
3531,44964,0
3532,44970,0
3533,44976,1
3534,44982,1
3535,44986,0
3536,44987,1
3537,44988,0
3538,45001,1
3539,45003,0
3540,45012,0
3541,45017,0
3542,45018,1
3543,45019,1
3544,45022,1
3545,45027,0
3546,45029,0
3547,45032,1
3548,45035,1
3549,45042,1
3550,45043,0
3551,45045,1
3552,45051,1
3553,45054,1
3554,45058,0
3555,45063,0
3556,45064,0
3557,45066,1
3558,45068,1
3559,45074,0
3560,45077,1
3561,45087,1
3562,45091,0
3563,45094,1
3564,45095,0
3565,45099,0
3566,45102,1
3567,45104,0
3568,45106,1
3569,45115,0
3570,45120,0
3571,45123,1
3572,45128,0
3573,45129,1
3574,45137,0
3575,45143,0
3576,45147,0
3577,45152,0
3578,45155,0
3579,45157,0
3580,45169,0
3581,45171,0
3582,45175,1
3583,45177,0
3584,45195,0
3585,45200,0
3586,45206,0
3587,45208,1
3588,45221,0
3589,45224,0
3590,45237,0
3591,45238,1
3592,45240,0
3593,45241,1
3594,45242,1
3595,45245,1
3596,45247,0
3597,45254,0
3598,45258,1
3599,45264,1
3600,45266,1
3601,45289,0
3602,45295,0
3603,45299,0
3604,45315,0
3605,45323,0
3606,45331,1
3607,45338,0
3608,45339,0
3609,45342,0
3610,45349,1
3611,45356,0
3612,45357,1
3613,45359,0
3614,45363,1
3615,45367,0
3616,45368,0
3617,45375,1
3618,45376,0
3619,45381,0
3620,45394,0
3621,45395,1
3622,45396,1
3623,45397,0
3624,45399,0
3625,45404,1
3626,45411,0
3627,45412,1
3628,45413,0
3629,45415,1
3630,45416,0
3631,45426,0
3632,45428,1
3633,45429,0
3634,45436,1
3635,45441,0
3636,45445,1
3637,45450,0
3638,45453,1
3639,45457,1
3640,45461,0
3641,45469,0
3642,45472,0
3643,45476,1
3644,45480,1
3645,45493,1
3646,45494,1
3647,45495,0
3648,45506,0
3649,45509,0
3650,45512,1
3651,45516,1
3652,45517,1
3653,45520,1
3654,45524,0
3655,45538,1
3656,45540,1
3657,45552,1
3658,45556,1
3659,45557,1
3660,45558,1
3661,45562,1
3662,45570,1
3663,45572,0
3664,45591,1
3665,45594,1
3666,45608,0
3667,45615,1
3668,45620,1
3669,45623,1
3670,45627,0
3671,45629,1
3672,45634,1
3673,45643,1
3674,45645,1
3675,45646,1
3676,45647,0
3677,45649,1
3678,45652,0
3679,45653,0
3680,45657,1
3681,45659,1
3682,45661,0
3683,45664,1
3684,45666,1
3685,45670,1
3686,45672,1
3687,45682,0
3688,45691,1
3689,45696,0
3690,45709,0
3691,45713,0
3692,45717,1
3693,45720,1
3694,45724,0
3695,45729,0
3696,45730,1
3697,45747,1
3698,45754,1
3699,45756,1
3700,45757,1
3701,45761,0
3702,45762,0
3703,45768,0
3704,45770,1
3705,45774,0
3706,45775,1
3707,45783,1
3708,45794,0
3709,45795,1
3710,45796,1
3711,45804,0
3712,45806,0
3713,45808,1
3714,45810,0
3715,45823,1
3716,45827,1
3717,45829,1
3718,45842,0
3719,45843,1
3720,45844,0
3721,45846,0
3722,45850,1
3723,45854,1
3724,45863,1
3725,45865,0
3726,45870,1
3727,45881,0
3728,45892,0
3729,45895,1
3730,45901,0
3731,45905,0
3732,45907,0
3733,45920,1
3734,45922,1
3735,45924,1
3736,45925,0
3737,45930,1
3738,45937,0
3739,45938,0
3740,45940,0
3741,45941,1
3742,45942,1
3743,45962,0
3744,45963,0
3745,45966,0
3746,45973,1
3747,45977,1
3748,45990,0
3749,45995,0
3750,46000,1
3751,46017,1
3752,46018,1
3753,46023,1
3754,46029,1
3755,46032,0
3756,46038,1
3757,46042,1
3758,46054,1
3759,46058,1
3760,46059,0
3761,46067,0
3762,46074,0
3763,46076,1
3764,46077,0
3765,46078,1
3766,46082,1
3767,46095,1
3768,46098,0
3769,46099,0
3770,46116,0
3771,46117,1
3772,46118,1
3773,46127,0
3774,46136,0
3775,46139,0
3776,46140,0
3777,46147,0
3778,46159,0
3779,46164,0
3780,46167,0
3781,46176,1
3782,46185,1
3783,46193,0
3784,46196,1
3785,46199,0
3786,46203,1
3787,46209,0
3788,46222,0
3789,46236,1
3790,46237,1
3791,46240,0
3792,46248,1
3793,46254,1
3794,46260,1
3795,46264,1
3796,46275,1
3797,46281,0
3798,46283,1
3799,46287,0
3800,46288,1
3801,46292,0
3802,46295,1
3803,46303,1
3804,46309,0
3805,46312,0
3806,46318,0
3807,46329,0
3808,46336,1
3809,46341,0
3810,46344,1
3811,46347,0
3812,46357,1
3813,46359,1
3814,46360,0
3815,46367,1
3816,46382,0
3817,46384,1
3818,46386,0
3819,46393,0
3820,46398,0
3821,46405,1
3822,46411,1
3823,46415,0
3824,46419,1
3825,46426,1
3826,46428,1
3827,46443,0
3828,46454,0
3829,46457,0
3830,46460,1
3831,46464,1
3832,46465,1
3833,46480,1
3834,46491,0
3835,46496,1
3836,46504,1
3837,46506,1
3838,46509,1
3839,46516,1
3840,46519,0
3841,46536,0
3842,46537,0
3843,46543,1
3844,46547,0
3845,46557,0
3846,46558,0
3847,46564,0
3848,46566,1
3849,46568,0
3850,46573,1
3851,46575,0
3852,46585,1
3853,46587,0
3854,46595,1
3855,46606,1
3856,46607,1
3857,46613,0
3858,46614,0
3859,46618,1
3860,46626,0
3861,46627,1
3862,46635,0
3863,46639,1
3864,46645,0
3865,46646,1
3866,46653,0
3867,46655,1
3868,46662,0
3869,46668,0
3870,46673,0
3871,46674,1
3872,46686,0
3873,46688,1
3874,46705,1
3875,46706,1
3876,46711,1
3877,46712,1
3878,46714,0
3879,46715,0
3880,46723,1
3881,46726,1
3882,46731,1
3883,46741,0
3884,46745,0
3885,46751,0
3886,46752,0
3887,46760,1
3888,46767,1
3889,46770,0
3890,46777,1
3891,46788,0
3892,46790,0
3893,46797,0
3894,46805,1
3895,46806,1
3896,46807,0
3897,46812,0
3898,46817,1
3899,46821,0
3900,46822,0
3901,46827,1
3902,46829,1
3903,46832,0
3904,46840,1
3905,46842,0
3906,46848,0
3907,46849,1
3908,46850,0
3909,46862,1
3910,46865,0
3911,46867,0
3912,46875,1
3913,46878,0
3914,46880,0
3915,46890,0
3916,46894,0
3917,46897,0
3918,46900,0
3919,46905,1
3920,46908,0
3921,46917,1
3922,46921,0
3923,46924,0
3924,46929,1
3925,46937,1
3926,46939,1
3927,46942,1
3928,46943,1
3929,46947,0
3930,46953,1
3931,46959,1
3932,46960,0
3933,46964,0
3934,46966,0
3935,46967,0
3936,46969,1
3937,46971,1
3938,46973,0
3939,46976,0
3940,46987,1
3941,46988,0
3942,46995,0
3943,47003,1
3944,47007,1
3945,47019,0
3946,47024,1
3947,47025,0
3948,47030,0
3949,47031,1
3950,47042,1
3951,47048,1
3952,47061,0
3953,47068,0
3954,47069,0
3955,47071,0
3956,47079,0
3957,47083,1
3958,47086,0
3959,47088,0
3960,47096,1
3961,47127,1
3962,47133,1
3963,47142,1
3964,47143,1
3965,47150,0
3966,47155,0
3967,47162,1
3968,47166,1
3969,47170,1
3970,47174,1
3971,47175,1
3972,47176,1
3973,47178,1
3974,47190,1
3975,47199,0
3976,47205,1
3977,47214,1
3978,47216,0
3979,47217,0
3980,47227,0
3981,47237,1
3982,47250,1
3983,47252,1
3984,47253,1
3985,47260,0
3986,47263,0
3987,47272,1
3988,47273,0
3989,47278,0
3990,47291,0
3991,47295,0
3992,47300,1
3993,47324,1
3994,47325,1
3995,47329,0
3996,47330,0
3997,47331,0
3998,47332,1
3999,47333,1
4000,47334,1
4001,47335,1
4002,47336,1
4003,47338,1
4004,47345,1
4005,47347,1
4006,47348,0
4007,47354,1
4008,47357,1
4009,47373,1
4010,47374,0
4011,47406,0
4012,47415,1
4013,47421,1
4014,47423,0
4015,47432,0
4016,47436,0
4017,47437,1
4018,47439,1
4019,47443,0
4020,47448,1
4021,47453,1
4022,47457,0
4023,47464,1
4024,47473,1
4025,47477,1
4026,47483,1
4027,47484,1
4028,47487,1
4029,47492,1
4030,47510,0
4031,47511,1
4032,47520,0
4033,47521,1
4034,47525,0
4035,47533,0
4036,47538,0
4037,47540,1
4038,47550,0
4039,47551,1
4040,47552,1
4041,47554,0
4042,47557,0
4043,47563,1
4044,47565,1
4045,47566,1
4046,47567,1
4047,47571,1
4048,47574,1
4049,47577,1
4050,47587,1
4051,47590,0
4052,47594,0
4053,47595,1
4054,47599,1
4055,47603,0
4056,47606,1
4057,47611,1
4058,47613,1
4059,47617,1
4060,47620,0
4061,47623,0
4062,47625,0
4063,47629,1
4064,47637,0
4065,47639,0
4066,47642,0
4067,47643,1
4068,47658,1
4069,47661,1
4070,47683,1
4071,47691,1
4072,47701,0
4073,47705,0
4074,47711,0
4075,47714,1
4076,47717,1
4077,47718,0
4078,47721,1
4079,47731,1
4080,47741,0
4081,47742,1
4082,47744,0
4083,47745,0
4084,47746,1
4085,47748,0
4086,47751,0
4087,47756,0
4088,47762,1
4089,47765,1
4090,47766,0
4091,47775,1
4092,47777,1
4093,47778,1
4094,47779,0
4095,47784,1
4096,47786,1
4097,47790,0
4098,47794,1
4099,47797,0
4100,47800,1
4101,47801,0
4102,47814,0
4103,47815,0
4104,47818,0
4105,47819,1
4106,47820,1
4107,47822,0
4108,47824,1
4109,47827,0
4110,47831,0
4111,47832,0
4112,47839,0
4113,47840,1
4114,47847,0
4115,47848,1
4116,47850,0
4117,47864,1
4118,47880,1
4119,47900,0
4120,47901,1
4121,47906,1
4122,47908,1
4123,47910,1
4124,47913,1
4125,47934,1
4126,47935,1
4127,47937,1
4128,47940,1
4129,47941,1
4130,47948,1
4131,47949,0
4132,47958,0
4133,47960,1
4134,47962,1
4135,47964,0
4136,47969,0
4137,47975,1
4138,47984,1
4139,47986,0
4140,47990,0
4141,47993,1
4142,48008,1
4143,48013,1
4144,48014,1
4145,48015,1
4146,48021,0
4147,48024,0
4148,48025,1
4149,48028,0
4150,48032,1
4151,48041,1
4152,48047,1
4153,48056,1
4154,48064,0
4155,48068,1
4156,48075,0
4157,48080,0
4158,48085,1
4159,48086,0
4160,48088,0
4161,48091,0
4162,48092,1
4163,48095,1
4164,48098,0
4165,48106,0
4166,48110,0
4167,48111,1
4168,48113,0
4169,48120,1
4170,48124,1
4171,48136,0
4172,48144,0
4173,48148,0
4174,48153,1
4175,48159,1
4176,48160,0
4177,48161,1
4178,48163,0
4179,48168,1
4180,48172,0
4181,48177,0
4182,48178,0
4183,48188,1
4184,48193,0
4185,48197,1
4186,48205,1
4187,48225,0
4188,48229,1
4189,48232,1
4190,48235,1
4191,48238,0
4192,48248,1
4193,48251,0
4194,48267,0
4195,48268,1
4196,48276,1
4197,48283,0
4198,48285,1
4199,48297,0
4200,48298,1
4201,48301,0
4202,48307,0
4203,48312,0
4204,48328,1
4205,48332,1
4206,48344,0
4207,48355,0
4208,48359,0
4209,48364,1
4210,48369,0
4211,48374,1
4212,48381,1
4213,48392,1
4214,48397,0
4215,48404,1
4216,48412,1
4217,48413,1
4218,48414,0
4219,48416,1
4220,48417,1
4221,48421,0
4222,48434,1
4223,48443,1
4224,48450,0
4225,48455,0
4226,48456,0
4227,48461,0
4228,48465,1
4229,48466,0
4230,48467,1
4231,48468,0
4232,48470,0
4233,48473,0
4234,48482,1
4235,48484,0
4236,48487,0
4237,48491,0
4238,48494,0
4239,48496,1
4240,48503,0
4241,48505,1
4242,48507,0
4243,48508,0
4244,48513,1
4245,48514,1
4246,48515,0
4247,48518,0
4248,48521,0
4249,48522,1
4250,48528,0
4251,48537,0
4252,48541,1
4253,48545,1
4254,48555,0
4255,48568,0
4256,48569,1
4257,48576,1
4258,48586,0
4259,48590,0
4260,48593,1
4261,48606,0
4262,48608,1
4263,48610,0
4264,48612,1
4265,48619,0
4266,48622,0
4267,48632,0
4268,48640,0
4269,48645,0
4270,48648,0
4271,48660,0
4272,48663,0
4273,48666,0
4274,48671,0
4275,48704,1
4276,48711,1
4277,48716,1
4278,48719,1
4279,48721,1
4280,48729,1
4281,48730,1
4282,48736,1
4283,48740,0
4284,48741,1
4285,48747,1
4286,48749,0
4287,48759,0
4288,48768,1
4289,48771,1
4290,48772,0
4291,48773,0
4292,48775,1
4293,48789,1
4294,48790,0
4295,48795,1
4296,48797,1
4297,48815,1
4298,48816,1
4299,48819,0
4300,48822,1
4301,48832,0
4302,48840,1
4303,48842,0
4304,48855,1
4305,48859,1
4306,48861,1
4307,48866,0
4308,48881,0
4309,48883,1
4310,48884,1
4311,48887,0
4312,48890,0
4313,48891,1
4314,48894,1
4315,48902,0
4316,48912,1
4317,48919,1
4318,48921,0
4319,48925,1
4320,48927,1
4321,48932,0
4322,48936,1
4323,48937,1
4324,48939,0
4325,48942,1
4326,48948,1
4327,48950,0
4328,48952,0
4329,48955,1
4330,48961,1
4331,48965,1
4332,48969,1
4333,48973,0
4334,48985,0
4335,48990,0
4336,48993,0
4337,48997,1
4338,48999,0
4339,49005,1
4340,49009,0
4341,49011,1
4342,49020,1
4343,49024,1
4344,49029,1
4345,49043,1
4346,49045,1
4347,49047,0
4348,49061,1
4349,49066,1
4350,49073,1
4351,49077,1
4352,49078,1
4353,49084,1
4354,49087,0
4355,49092,0
4356,49094,0
4357,49099,1
4358,49110,1
4359,49113,0
4360,49134,1
4361,49137,1
4362,49144,1
4363,49145,1
4364,49147,1
4365,49149,0
4366,49151,1
4367,49153,0
4368,49159,0
4369,49163,1
4370,49188,1
4371,49189,1
4372,49191,1
4373,49197,0
4374,49200,0
4375,49201,1
4376,49210,1
4377,49216,1
4378,49230,1
4379,49245,1
4380,49247,1
4381,49254,1
4382,49255,1
4383,49258,0
4384,49259,1
4385,49267,1
4386,49268,1
4387,49271,1
4388,49273,0
4389,49274,1
4390,49276,0
4391,49289,0
4392,49297,0
4393,49300,1
4394,49305,1
4395,49308,1
4396,49312,1
4397,49319,1
4398,49336,1
4399,49338,0
4400,49342,1
4401,49350,1
4402,49357,1
4403,49358,0
4404,49363,1
4405,49365,0
4406,49366,1
4407,49367,1
4408,49368,1
4409,49372,1
4410,49386,1
4411,49390,1
4412,49392,0
4413,49395,1
4414,49399,0
4415,49401,0
4416,49415,0
4417,49425,1
4418,49427,1
4419,49431,0
4420,49437,1
4421,49438,0
4422,49445,1
4423,49449,0
4424,49451,0
4425,49452,0
4426,49461,0
4427,49462,1
4428,49464,1
4429,49471,0
4430,49474,0
4431,49476,1
4432,49478,0
4433,49481,1
4434,49488,1
4435,49490,0
4436,49491,1
4437,49502,0
4438,49504,0
4439,49508,0
4440,49509,1
4441,49512,1
4442,49524,0
4443,49525,0
4444,49526,0
4445,49542,0
4446,49543,1
4447,49554,0
4448,49555,1
4449,49557,1
4450,49560,1
4451,49565,0
4452,49566,1
4453,49568,0
4454,49570,0
4455,49593,0
4456,49595,0
4457,49596,1
4458,49599,1
4459,49610,1
4460,49619,0
4461,49623,1
4462,49630,1
4463,49635,0
4464,49641,0
4465,49642,1
4466,49676,0
4467,49677,0
4468,49681,0
4469,49690,1
4470,49691,1
4471,49693,0
4472,49708,0
4473,49710,1
4474,49711,0
4475,49715,1
4476,49723,0
4477,49725,1
4478,49730,0
4479,49743,1
4480,49746,1
4481,49751,0
4482,49762,1
4483,49770,1
4484,49778,0
4485,49781,0
4486,49786,1
4487,49787,1
4488,49795,0
4489,49799,1
4490,49807,1
4491,49816,0
4492,49820,1
4493,49823,1
4494,49824,0
4495,49828,0
4496,49842,0
4497,49845,1
4498,49865,1
4499,49867,1
4500,49868,0
4501,49873,0
4502,49878,1
4503,49887,0
4504,49894,1
4505,49897,0
4506,49899,0
4507,49904,0
4508,49912,1
4509,49913,0
4510,49914,1
4511,49919,0
4512,49920,0
4513,49931,1
4514,49936,1
4515,49937,0
4516,49940,0
4517,49942,1
4518,49943,0
4519,49944,0
4520,49953,0
4521,49955,0
4522,49957,0
4523,49959,1
4524,49972,1
4525,49975,1
4526,49976,0
4527,49977,0
4528,49985,1
4529,49992,0
4530,49996,1
4531,49997,1
4532,50001,0
4533,50013,1
4534,50017,1
4535,50024,1
4536,50025,0
4537,50033,0
4538,50039,0
4539,50041,1
4540,50049,1
4541,50060,1
4542,50065,1
4543,50067,1
4544,50069,0
4545,50084,1
4546,50085,1
4547,50098,1
4548,50099,1
4549,50104,1
4550,50107,1
4551,50114,0
4552,50118,0
4553,50124,0
4554,50129,0
4555,50138,0
4556,50142,0
4557,50151,1
4558,50153,1
4559,50154,0
4560,50160,1
4561,50166,0
4562,50169,1
4563,50171,0
4564,50172,1
4565,50180,1
4566,50185,1
4567,50187,0
4568,50195,0
4569,50196,1
4570,50200,1
4571,50209,1
4572,50214,1
4573,50217,1
4574,50218,1
4575,50221,1
4576,50230,0
4577,50238,1
4578,50239,1
4579,50240,0
4580,50242,1
4581,50244,1
4582,50252,0
4583,50256,1
4584,50259,0
4585,50261,1
4586,50271,1
4587,50285,1
4588,50287,1
4589,50291,1
4590,50300,0
4591,50313,1
4592,50314,0
4593,50315,1
4594,50320,1
4595,50326,1
4596,50330,1
4597,50333,1
4598,50337,0
4599,50352,0
4600,50357,1
4601,50365,0
4602,50367,0
4603,50369,1
4604,50371,1
4605,50372,0
4606,50373,0
4607,50382,0
4608,50384,0
4609,50387,1
4610,50389,1
4611,50392,0
4612,50395,0
4613,50399,0
4614,50400,0
4615,50408,0
4616,50414,0
4617,50418,1
4618,50420,0
4619,50426,1
4620,50429,1
4621,50432,0
4622,50435,1
4623,50437,0
4624,50449,1
4625,50457,0
4626,50461,1
4627,50464,1
4628,50466,0
4629,50467,1
4630,50470,1
4631,50477,1
4632,50498,1
4633,50503,1
4634,50504,0
4635,50514,0
4636,50515,1
4637,50519,1
4638,50520,1
4639,50521,1
4640,50529,1
4641,50530,1
4642,50534,0
4643,50538,1
4644,50539,0
4645,50545,1
4646,50547,1
4647,50552,1
4648,50553,1
4649,50559,1
4650,50564,1
4651,50568,0
4652,50571,0
4653,50572,1
4654,50585,0
4655,50587,1
4656,50594,1
4657,50596,1
4658,50598,0
4659,50602,1
4660,50607,0
4661,50610,1
4662,50613,1
4663,50616,1
4664,50619,0
4665,50628,0
4666,50629,1
4667,50635,1
4668,50638,0
4669,50639,1
4670,50641,0
4671,50647,0
4672,50657,1
4673,50660,0
4674,50661,0
4675,50663,0
4676,50664,1
4677,50666,1
4678,50672,1
4679,50673,1
4680,50676,1
4681,50684,0
4682,50688,1
4683,50697,0
4684,50706,1
4685,50709,0
4686,50711,1
4687,50724,1
4688,50729,0
4689,50736,1
4690,50738,0
4691,50739,0
4692,50742,1
4693,50745,1
4694,50749,1
4695,50754,1
4696,50755,0
4697,50757,1
4698,50764,1
4699,50770,1
4700,50777,1
4701,50788,1
4702,50799,1
4703,50807,1
4704,50808,1
4705,50812,0
4706,50813,0
4707,50815,1
4708,50845,1
4709,50846,0
4710,50847,0
4711,50848,0
4712,50850,0
4713,50859,0
4714,50861,1
4715,50862,0
4716,50865,0
4717,50866,0
4718,50874,1
4719,50877,1
4720,50880,1
4721,50884,0
4722,50885,0
4723,50886,0
4724,50887,1
4725,50890,0
4726,50899,1
4727,50901,1
4728,50903,1
4729,50912,1
4730,50921,1
4731,50926,1
4732,50928,0
4733,50932,0
4734,50938,0
4735,50943,1
4736,50946,0
4737,50948,0
4738,50963,0
4739,50965,0
4740,50966,1
4741,50968,1
4742,50972,1
4743,50975,1
4744,50987,1
4745,50988,0
4746,50993,1
4747,50998,0
4748,51000,0
4749,51001,0
4750,51004,0
4751,51009,1
4752,51011,0
4753,51014,1
4754,51016,0
4755,51018,0
4756,51019,1
4757,51021,1
4758,51025,0
4759,51029,0
4760,51031,0
4761,51032,1
4762,51038,1
4763,51039,1
4764,51040,0
4765,51041,0
4766,51042,0
4767,51044,1
4768,51050,0
4769,51052,0
4770,51054,1
4771,51055,0
4772,51058,1
4773,51068,0
4774,51074,1
4775,51075,0
4776,51078,0
4777,51080,0
4778,51082,0
4779,51091,0
4780,51102,1
4781,51104,1
4782,51110,1
4783,51117,1
4784,51122,0
4785,51123,1
4786,51124,1
4787,51130,1
4788,51132,1
4789,51135,0
4790,51142,1
4791,51153,0
4792,51163,1
4793,51167,1
4794,51171,0
4795,51172,1
4796,51180,0
4797,51181,1
4798,51186,1
4799,51199,0
4800,51206,1
4801,51219,1
4802,51224,1
4803,51229,0
4804,51232,1
4805,51233,0
4806,51236,1
4807,51247,0
4808,51248,0
4809,51251,0
4810,51254,1
4811,51257,0
4812,51269,0
4813,51272,1
4814,51274,0
4815,51278,0
4816,51282,1
4817,51286,0
4818,51298,1
4819,51301,0
4820,51303,0
4821,51306,1
4822,51307,0
4823,51309,1
4824,51310,1
4825,51314,0
4826,51331,0
4827,51334,1
4828,51336,1
4829,51338,1
4830,51342,0
4831,51344,0
4832,51348,0
4833,51349,0
4834,51359,0
4835,51362,0
4836,51372,1
4837,51381,1
4838,51384,0
4839,51386,1
4840,51394,0
4841,51400,0
4842,51401,1
4843,51402,1
4844,51403,1
4845,51405,0
4846,51406,0
4847,51408,1
4848,51413,1
4849,51425,0
4850,51426,1
4851,51439,0
4852,51440,1
4853,51442,1
4854,51443,0
4855,51446,1
4856,51447,0
4857,51450,0
4858,51476,1
4859,51477,1
4860,51482,1
4861,51493,1
4862,51495,1
4863,51496,1
4864,51507,0
4865,51510,0
4866,51511,0
4867,51512,0
4868,51516,1
4869,51517,1
4870,51518,1
4871,51520,1
4872,51521,1
4873,51522,0
4874,51523,1
4875,51532,1
4876,51534,0
4877,51541,1
4878,51561,0
4879,51569,0
4880,51574,1
4881,51576,1
4882,51585,1
4883,51586,1
4884,51590,0
4885,51601,1
4886,51605,0
4887,51610,0
4888,51612,1
4889,51613,1
4890,51615,0
4891,51618,1
4892,51621,0
4893,51623,0
4894,51625,1
4895,51636,1
4896,51645,0
4897,51653,1
4898,51654,1
4899,51661,1
4900,51666,1
4901,51669,1
4902,51682,1
4903,51687,1
4904,51694,1
4905,51698,1
4906,51699,0
4907,51701,0
4908,51709,1
4909,51723,1
4910,51725,0
4911,51735,0
4912,51737,0
4913,51739,0
4914,51740,0
4915,51745,0
4916,51747,1
4917,51749,0
4918,51756,1
4919,51757,0
4920,51766,0
4921,51767,1
4922,51773,0
4923,51781,0
4924,51788,1
4925,51795,1
4926,51805,1
4927,51812,1
4928,51827,0
4929,51831,1
4930,51847,1
4931,51855,1
4932,51857,0
4933,51863,1
4934,51872,1
4935,51874,0
4936,51878,1
4937,51884,1
4938,51885,0
4939,51886,1
4940,51887,1
4941,51893,0
4942,51897,0
4943,51906,0
4944,51907,1
4945,51909,0
4946,51924,1
4947,51928,0
4948,51931,1
4949,51937,0
4950,51940,0
4951,51942,0
4952,51945,1
4953,51949,0
4954,51951,1
4955,51959,1
4956,51971,0
4957,51972,0
4958,51973,0
4959,51983,1
4960,51984,0
4961,51985,1
4962,51986,1
4963,51991,1
4964,51992,0
4965,51995,1
4966,51997,1
4967,51999,1
4968,52002,1
4969,52008,1
4970,52017,1
4971,52018,0
4972,52019,1
4973,52027,0
4974,52031,1
4975,52034,1
4976,52037,0
4977,52038,0
4978,52041,0
4979,52051,1
4980,52053,0
4981,52069,1
4982,52072,1
4983,52073,0
4984,52080,1
4985,52084,0
4986,52094,1
4987,52102,1
4988,52104,1
4989,52110,1
4990,52114,0
4991,52127,1
4992,52128,0
4993,52134,1
4994,52135,1
4995,52138,0
4996,52140,1
4997,52142,1
4998,52144,0
4999,52146,1
5000,52153,1
5001,52158,0
5002,52171,0
5003,52173,0
5004,52174,0
5005,52183,1
5006,52185,1
5007,52192,1
5008,52193,1
5009,52196,1
5010,52198,0
5011,52199,1
5012,52215,1
5013,52218,0
5014,52228,0
5015,52232,0
5016,52234,0
5017,52241,1
5018,52246,1
5019,52247,0
5020,52250,0
5021,52260,1
5022,52264,1
5023,52266,1
5024,52273,1
5025,52274,1
5026,52277,0
5027,52282,0
5028,52292,0
5029,52294,1
5030,52297,1
5031,52304,0
5032,52306,0
5033,52312,1
5034,52313,1
5035,52332,1
5036,52335,1
5037,52336,1
5038,52338,1
5039,52341,0
5040,52345,0
5041,52354,1
5042,52363,1
5043,52367,0
5044,52370,1
5045,52375,1
5046,52390,1
5047,52391,0
5048,52392,1
5049,52397,1
5050,52401,0
5051,52408,1
5052,52417,0
5053,52418,1
5054,52437,0
5055,52440,0
5056,52441,0
5057,52447,0
5058,52455,0
5059,52456,0
5060,52457,1
5061,52459,0
5062,52480,0
5063,52484,0
5064,52485,1
5065,52486,0
5066,52487,0
5067,52490,1
5068,52496,0
5069,52498,1
5070,52503,1
5071,52504,1
5072,52508,0
5073,52510,0
5074,52512,0
5075,52516,0
5076,52522,0
5077,52531,1
5078,52532,0
5079,52536,0
5080,52549,1
5081,52554,1
5082,52561,1
5083,52567,1
5084,52569,0
5085,52580,1
5086,52584,1
5087,52586,0
5088,52599,0
5089,52600,0
5090,52608,0
5091,52612,1
5092,52614,1
5093,52616,0
5094,52622,1
5095,52629,0
5096,52638,0
5097,52641,1
5098,52645,0
5099,52658,0
5100,52661,0
5101,52664,1
5102,52668,0
5103,52674,1
5104,52677,0
5105,52684,1
5106,52698,0
5107,52701,0
5108,52706,1
5109,52709,1
5110,52710,1
5111,52712,0
5112,52718,0
5113,52727,0
5114,52759,0
5115,52764,1
5116,52766,1
5117,52773,0
5118,52778,1
5119,52790,1
5120,52791,0
5121,52795,0
5122,52800,1
5123,52801,0
5124,52818,1
5125,52821,0
5126,52822,1
5127,52831,1
5128,52832,0
5129,52836,1
5130,52837,1
5131,52843,1
5132,52849,0
5133,52852,1
5134,52859,0
5135,52862,0
5136,52881,1
5137,52887,1
5138,52893,1
5139,52894,1
5140,52895,0
5141,52904,1
5142,52905,1
5143,52907,1
5144,52911,1
5145,52925,1
5146,52926,0
5147,52929,1
5148,52931,0
5149,52935,1
5150,52938,1
5151,52964,0
5152,52966,0
5153,52968,1
5154,52972,1
5155,52976,0
5156,52978,0
5157,52985,0
5158,52987,1
5159,52993,1
5160,52999,1
5161,53001,1
5162,53006,0
5163,53009,1
5164,53011,1
5165,53034,0
5166,53036,1
5167,53037,1
5168,53038,0
5169,53050,0
5170,53054,1
5171,53056,0
5172,53057,0
5173,53067,1
5174,53069,1
5175,53072,1
5176,53082,0
5177,53087,0
5178,53091,1
5179,53098,1
5180,53103,0
5181,53108,1
5182,53115,0
5183,53116,1
5184,53118,1
5185,53121,1
5186,53123,0
5187,53128,1
5188,53130,1
5189,53132,1
5190,53135,1
5191,53140,1
5192,53149,1
5193,53156,1
5194,53159,1
5195,53163,1
5196,53164,1
5197,53166,1
5198,53169,0
5199,53171,0
5200,53175,0
5201,53182,0
5202,53194,1
5203,53200,1
5204,53203,1
5205,53204,0
5206,53214,0
5207,53224,0
5208,53230,1
5209,53238,1
5210,53243,1
5211,53251,1
5212,53254,1
5213,53273,0
5214,53287,1
5215,53292,0
5216,53300,0
5217,53303,1
5218,53306,0
5219,53307,0
5220,53308,0
5221,53315,1
5222,53321,1
5223,53325,0
5224,53338,1
5225,53344,1
5226,53346,1
5227,53349,1
5228,53357,0
5229,53366,1
5230,53369,1
5231,53372,0
5232,53378,0
5233,53384,1
5234,53391,0
5235,53395,1
5236,53401,0
5237,53405,1
5238,53406,0
5239,53410,0
5240,53411,1
5241,53416,1
5242,53421,0
5243,53434,0
5244,53442,1
5245,53447,1
5246,53456,1
5247,53475,0
5248,53482,1
5249,53495,0
5250,53506,0
5251,53513,1
5252,53514,1
5253,53517,1
5254,53522,1
5255,53524,1
5256,53527,1
5257,53531,0
5258,53532,0
5259,53536,1
5260,53538,1
5261,53542,1
5262,53543,1
5263,53546,0
5264,53552,0
5265,53557,1
5266,53565,0
5267,53578,0
5268,53582,0
5269,53583,0
5270,53585,0
5271,53590,1
5272,53595,0
5273,53597,1
5274,53598,1
5275,53601,0
5276,53613,0
5277,53617,0
5278,53619,1
5279,53621,1
5280,53623,1
5281,53625,0
5282,53628,1
5283,53630,0
5284,53637,0
5285,53638,0
5286,53647,1
5287,53648,1
5288,53649,1
5289,53653,1
5290,53661,0
5291,53667,1
5292,53676,0
5293,53686,0
5294,53687,1
5295,53688,0
5296,53689,1
5297,53693,1
5298,53704,0
5299,53706,0
5300,53707,0
5301,53710,0
5302,53713,1
5303,53738,1
5304,53742,1
5305,53744,1
5306,53747,1
5307,53755,0
5308,53757,1
5309,53758,0
5310,53762,0
5311,53763,0
5312,53766,1
5313,53768,1
5314,53770,1
5315,53771,0
5316,53799,1
5317,53803,1
5318,53806,1
5319,53807,0
5320,53808,1
5321,53811,1
5322,53825,1
5323,53826,1
5324,53830,0
5325,53831,1
5326,53835,1
5327,53836,1
5328,53843,0
5329,53848,1
5330,53849,1
5331,53851,1
5332,53859,1
5333,53868,1
5334,53869,1
5335,53871,0
5336,53878,1
5337,53881,0
5338,53887,1
5339,53888,1
5340,53893,1
5341,53897,1
5342,53906,0
5343,53907,1
5344,53914,0
5345,53921,1
5346,53922,1
5347,53923,1
5348,53925,0
5349,53926,1
5350,53933,0
5351,53940,1
5352,53959,1
5353,53960,0
5354,53965,1
5355,53973,1
5356,53978,0
5357,53984,1
5358,53986,1
5359,53990,1
5360,53996,1
5361,54000,1
5362,54006,0
5363,54009,1
5364,54012,0
5365,54016,0
5366,54023,1
5367,54024,0
5368,54027,0
5369,54033,0
5370,54035,0
5371,54050,1
5372,54060,1
5373,54063,0
5374,54066,1
5375,54067,0
5376,54082,0
5377,54084,0
5378,54092,1
5379,54116,1
5380,54117,1
5381,54118,0
5382,54119,1
5383,54126,1
5384,54129,0
5385,54133,1
5386,54136,0
5387,54145,0
5388,54146,1
5389,54155,0
5390,54156,0
5391,54165,0
5392,54169,0
5393,54177,1
5394,54185,0
5395,54194,1
5396,54196,0
5397,54211,0
5398,54212,1
5399,54227,0
5400,54240,0
5401,54254,0
5402,54255,0
5403,54256,0
5404,54266,0
5405,54267,0
5406,54272,1
5407,54292,0
5408,54296,1
5409,54298,1
5410,54299,1
5411,54305,1
5412,54309,0
5413,54315,0
5414,54319,1
5415,54323,0
5416,54331,0
5417,54340,1
5418,54341,0
5419,54350,0
5420,54351,0
5421,54360,1
5422,54367,0
5423,54369,1
5424,54374,0
5425,54379,1
5426,54382,1
5427,54388,1
5428,54395,1
5429,54397,0
5430,54400,1
5431,54412,0
5432,54416,1
5433,54430,1
5434,54432,1
5435,54434,1
5436,54435,1
5437,54441,1
5438,54447,1
5439,54450,1
5440,54462,0
5441,54464,0
5442,54467,1
5443,54473,0
5444,54475,1
5445,54478,1
5446,54487,1
5447,54492,1
5448,54498,1
5449,54502,0
5450,54505,0
5451,54506,1
5452,54507,1
5453,54509,0
5454,54513,1
5455,54524,0
5456,54528,1
5457,54538,0
5458,54545,1
5459,54548,1
5460,54550,0
5461,54558,0
5462,54565,0
5463,54567,1
5464,54573,1
5465,54574,1
5466,54576,1
5467,54584,0
5468,54588,1
5469,54599,0
5470,54601,0
5471,54602,0
5472,54616,0
5473,54621,0
5474,54626,1
5475,54632,0
5476,54639,1
5477,54644,0
5478,54645,0
5479,54647,0
5480,54648,1
5481,54651,0
5482,54654,0
5483,54656,1
5484,54658,0
5485,54666,0
5486,54671,1
5487,54674,0
5488,54681,1
5489,54684,1
5490,54687,1
5491,54690,0
5492,54699,0
5493,54701,1
5494,54706,1
5495,54710,0
5496,54715,0
5497,54716,0
5498,54722,1
5499,54735,0
5500,54754,1
5501,54757,0
5502,54763,1
5503,54782,1
5504,54801,1
5505,54807,1
5506,54819,1
5507,54822,1
5508,54825,1
5509,54835,0
5510,54837,0
5511,54838,1
5512,54844,1
5513,54849,1
5514,54850,1
5515,54853,0
5516,54856,0
5517,54858,1
5518,54870,1
5519,54878,1
5520,54881,0
5521,54887,0
5522,54889,1
5523,54890,0
5524,54892,0
5525,54900,1
5526,54902,1
5527,54904,0
5528,54905,0
5529,54913,1
5530,54914,0
5531,54916,1
5532,54917,0
5533,54920,1
5534,54929,0
5535,54932,1
5536,54934,1
5537,54936,1
5538,54943,0
5539,54952,1
5540,54954,1
5541,54955,1
5542,54965,1
5543,54975,0
5544,54979,0
5545,54980,0
5546,54987,1
5547,54989,0
5548,54990,1
5549,54994,1
5550,55000,1
5551,55004,0
5552,55008,0
5553,55010,1
5554,55011,1
5555,55017,0
5556,55023,0
5557,55034,1
5558,55036,0
5559,55037,0
5560,55039,1
5561,55049,0
5562,55054,0
5563,55055,0
5564,55056,0
5565,55060,0
5566,55066,1
5567,55069,0
5568,55075,0
5569,55076,1
5570,55077,1
5571,55079,1
5572,55085,1
5573,55086,0
5574,55095,0
5575,55111,1
5576,55122,0
5577,55137,1
5578,55140,0
5579,55141,0
5580,55144,1
5581,55146,0
5582,55153,0
5583,55156,0
5584,55168,1
5585,55186,0
5586,55191,1
5587,55199,0
5588,55201,0
5589,55203,0
5590,55210,0
5591,55213,1
5592,55214,1
5593,55220,1
5594,55224,1
5595,55231,0
5596,55233,0
5597,55239,1
5598,55242,0
5599,55243,0
5600,55244,1
5601,55251,1
5602,55256,1
5603,55257,0
5604,55260,1
5605,55274,0
5606,55282,0
5607,55283,1
5608,55296,0
5609,55300,0
5610,55305,0
5611,55309,1
5612,55313,1
5613,55319,1
5614,55324,0
5615,55330,1
5616,55342,0
5617,55343,1
5618,55344,0
5619,55345,0
5620,55346,1
5621,55348,1
5622,55350,1
5623,55357,1
5624,55359,1
5625,55360,1
5626,55363,0
5627,55365,0
5628,55366,0
5629,55372,0
5630,55373,1
5631,55376,0
5632,55381,0
5633,55386,0
5634,55391,1
5635,55394,1
5636,55399,1
5637,55403,1
5638,55407,1
5639,55409,1
5640,55411,1
5641,55430,1
5642,55435,0
5643,55436,1
5644,55442,0
5645,55443,0
5646,55444,0
5647,55445,0
5648,55451,1
5649,55454,1
5650,55456,0
5651,55458,1
5652,55464,0
5653,55465,1
5654,55466,1
5655,55467,0
5656,55470,0
5657,55471,1
5658,55473,1
5659,55479,1
5660,55481,0
5661,55487,1
5662,55489,0
5663,55516,0
5664,55517,0
5665,55534,0
5666,55553,1
5667,55554,0
5668,55569,1
5669,55572,0
5670,55573,1
5671,55591,0
5672,55592,0
5673,55596,1
5674,55603,0
5675,55607,0
5676,55609,0
5677,55621,0
5678,55627,1
5679,55632,1
5680,55633,0
5681,55652,0
5682,55655,1
5683,55663,1
5684,55666,1
5685,55671,1
5686,55673,0
5687,55676,0
5688,55681,0
5689,55683,0
5690,55684,0
5691,55691,1
